Team,Date,Goals,TotalMins,MatchID,GoalsNum,HomeOrAway
Brentford,13/8/2021,22*75,98,66342,2,Home
Arsenal,13/8/2021,-1,98,66342,0,Away
Burnley,14/8/2021,2,99,66343,1,Home
Brighton and Hove Albion,14/8/2021,77*82,99,66343,2,Away
Chelsea,14/8/2021,27*40*60,95,66344,3,Home
Crystal Palace,14/8/2021,-1,95,66344,0,Away
Everton,14/8/2021,49*78*83,96,66345,3,Home
Southampton,14/8/2021,22,96,66345,1,Away
Leicester City,14/8/2021,41,97,66346,1,Home
Wolverhampton Wanderers,14/8/2021,-1,97,66346,0,Away
Manchester United,14/8/2021,30*56*62*54*70,96,66347,5,Home
Leeds United,14/8/2021,51,96,66347,1,Away
Newcastle United,15/8/2021,5*40,98,66348,2,Home
West Ham United,15/8/2021,18*56*69*66,98,66348,4,Away
Norwich City,14/8/2021,-1,94,66349,0,Home
Liverpool,14/8/2021,26*67*76,94,66349,3,Away
Tottenham Hotspur,15/8/2021,57,98,66350,1,Home
Manchester City,15/8/2021,-1,98,66350,0,Away
Watford,14/8/2021,10*42*70,101,66351,3,Home
Aston Villa,14/8/2021,73*100,101,66351,2,Away
Arsenal,22/8/2021,-1,97,66352,0,Home
Chelsea,22/8/2021,15*35,97,66352,2,Away
Aston Villa,21/8/2021,48*67,102,66353,2,Home
Newcastle United,21/8/2021,-1,102,66353,0,Away
Brighton and Hove Albion,21/8/2021,10*41,97,66354,2,Home
Watford,21/8/2021,-1,97,66354,0,Away
Crystal Palace,21/8/2021,-1,99,66355,0,Home
Brentford,21/8/2021,-1,99,66355,0,Away
Leeds United,21/8/2021,41*78,101,66356,2,Home
Everton,21/8/2021,30*56,101,66356,2,Away
Liverpool,21/8/2021,18*72,98,66357,2,Home
Burnley,21/8/2021,-1,98,66357,0,Away
Manchester City,21/8/2021,7*22*66*73*86,95,66358,5,Home
Norwich City,21/8/2021,-1,95,66358,0,Away
Southampton,22/8/2021,30,100,66359,1,Home
Manchester United,22/8/2021,58,100,66359,1,Away
West Ham United,23/8/2021,26*61*85*89,98,66360,4,Home
Leicester City,23/8/2021,74,98,66360,1,Away
Wolverhampton Wanderers,22/8/2021,-1,100,66361,0,Home
Tottenham Hotspur,22/8/2021,10,100,66361,1,Away
Aston Villa,28/8/2021,13,101,66362,1,Home
Brentford,28/8/2021,7,101,66362,1,Away
Brighton and Hove Albion,28/8/2021,-1,100,66363,0,Home
Everton,28/8/2021,41*62,100,66363,2,Away
Burnley,29/8/2021,64,97,66364,1,Home
Leeds United,29/8/2021,89,97,66364,1,Away
Liverpool,28/8/2021,50,101,66365,1,Home
Chelsea,28/8/2021,22,101,66365,1,Away
Manchester City,28/8/2021,7*12*88*43*57,98,66366,5,Home
Arsenal,28/8/2021,-1,98,66366,0,Away
Newcastle United,28/8/2021,57*93,100,66367,2,Home
Southampton,28/8/2021,76*98,100,66367,2,Away
Norwich City,28/8/2021,44,102,66368,1,Home
Leicester City,28/8/2021,8*82,102,66368,2,Away
Tottenham Hotspur,29/8/2021,42,97,66369,1,Home
Watford,29/8/2021,-1,97,66369,0,Away
West Ham United,28/8/2021,39*71,98,66370,2,Home
Crystal Palace,28/8/2021,61*73,98,66370,2,Away
Wolverhampton Wanderers,29/8/2021,-1,99,66371,0,Home
Manchester United,29/8/2021,82,99,66371,1,Away
Arsenal,11/9/2021,67,96,66372,1,Home
Norwich City,11/9/2021,-1,96,66372,0,Away
Brentford,11/9/2021,-1,102,66373,0,Home
Brighton and Hove Albion,11/9/2021,96,102,66373,1,Away
Chelsea,11/9/2021,15*52*96,99,66374,3,Home
Aston Villa,11/9/2021,-1,99,66374,0,Away
Crystal Palace,11/9/2021,78*86*95,96,66375,3,Home
Tottenham Hotspur,11/9/2021,-1,96,66375,0,Away
Everton,13/9/2021,62*67*68,96,66376,3,Home
Burnley,13/9/2021,55,96,66376,1,Away
Leeds United,12/9/2021,-1,102,66377,0,Home
Liverpool,12/9/2021,20*53*95,102,66377,3,Away
Leicester City,11/9/2021,-1,97,66378,0,Home
Manchester City,11/9/2021,65,97,66378,1,Away
Manchester United,11/9/2021,47*66*84*96,97,66379,4,Home
Newcastle United,11/9/2021,60,97,66379,1,Away
Southampton,11/9/2021,-1,98,66380,0,Home
West Ham United,11/9/2021,-1,98,66380,0,Away
Watford,11/9/2021,-1,97,66381,0,Home
Wolverhampton Wanderers,11/9/2021,76*85,97,66381,2,Away
Aston Villa,18/9/2021,72*69*78,97,66382,3,Home
Everton,18/9/2021,-1,97,66382,0,Away
Brighton and Hove Albion,19/9/2021,35*53,99,66383,2,Home
Leicester City,19/9/2021,64,99,66383,1,Away
Burnley,18/9/2021,-1,98,66384,0,Home
Arsenal,18/9/2021,30,98,66384,1,Away
Liverpool,18/9/2021,43*80*91,95,66385,3,Home
Crystal Palace,18/9/2021,-1,95,66385,0,Away
Manchester City,18/9/2021,-1,101,66386,0,Home
Southampton,18/9/2021,-1,101,66386,0,Away
Newcastle United,17/9/2021,44,100,66387,1,Home
Leeds United,17/9/2021,13,100,66387,1,Away
Norwich City,18/9/2021,35,98,66388,1,Home
Watford,18/9/2021,17*66*83,98,66388,3,Away
Tottenham Hotspur,19/9/2021,-1,97,66389,0,Home
Chelsea,19/9/2021,51*59*94,97,66389,3,Away
West Ham United,19/9/2021,30,99,66390,1,Home
Manchester United,19/9/2021,35*92,99,66390,2,Away
Wolverhampton Wanderers,18/9/2021,-1,101,66391,0,Home
Brentford,18/9/2021,28*34,101,66391,2,Away
Arsenal,26/9/2021,12*27*34,99,66392,3,Home
Tottenham Hotspur,26/9/2021,82,99,66392,1,Away
Brentford,25/9/2021,27*66*85,99,66393,3,Home
Liverpool,25/9/2021,31*57*70,99,66393,3,Away
Chelsea,25/9/2021,-1,99,66394,0,Home
Manchester City,25/9/2021,56,99,66394,1,Away
Crystal Palace,27/9/2021,47,100,66395,1,Home
Brighton and Hove Albion,27/9/2021,98,100,66395,1,Away
Everton,25/9/2021,29*79,98,66396,2,Home
Norwich City,25/9/2021,-1,98,66396,0,Away
Leeds United,25/9/2021,19,103,66397,1,Home
West Ham United,25/9/2021,72*95,103,66397,2,Away
Leicester City,25/9/2021,37*90,100,66398,2,Home
Burnley,25/9/2021,12*40,100,66398,2,Away
Manchester United,25/9/2021,-1,101,66399,0,Home
Aston Villa,25/9/2021,93,101,66399,1,Away
Southampton,26/9/2021,-1,100,66400,0,Home
Wolverhampton Wanderers,26/9/2021,63,100,66400,1,Away
Watford,25/9/2021,77,102,66401,1,Home
Newcastle United,25/9/2021,23,102,66401,1,Away
Brighton and Hove Albion,2/10/2021,-1,96,66402,0,Home
Arsenal,2/10/2021,-1,96,66402,0,Away
Burnley,2/10/2021,-1,99,66403,0,Home
Norwich City,2/10/2021,-1,99,66403,0,Away
Chelsea,2/10/2021,9*88*93,100,66404,3,Home
Southampton,2/10/2021,65,100,66404,1,Away
Crystal Palace,3/10/2021,64*75,99,66405,2,Home
Leicester City,3/10/2021,31*37,99,66405,2,Away
Leeds United,2/10/2021,18,98,66406,1,Home
Watford,2/10/2021,-1,98,66406,0,Away
Liverpool,3/10/2021,61*78,97,66407,2,Home
Manchester City,3/10/2021,71*83,97,66407,2,Away
Manchester United,2/10/2021,43,97,66408,1,Home
Everton,2/10/2021,67,97,66408,1,Away
Tottenham Hotspur,3/10/2021,27*73,97,66409,2,Home
Aston Villa,3/10/2021,69,97,66409,1,Away
West Ham United,3/10/2021,86,101,66410,1,Home
Brentford,3/10/2021,20*100,101,66410,2,Away
Wolverhampton Wanderers,2/10/2021,20*62,99,66411,2,Home
Newcastle United,2/10/2021,41,99,66411,1,Away
Arsenal,18/10/2021,8*99,100,66412,2,Home
Crystal Palace,18/10/2021,54*77,100,66412,2,Away
Aston Villa,16/10/2021,52*72,101,66413,2,Home
Wolverhampton Wanderers,16/10/2021,84*89*99,101,66413,3,Away
Brentford,16/10/2021,-1,100,66414,0,Home
Chelsea,16/10/2021,45,100,66414,1,Away
Everton,17/10/2021,-1,98,66415,0,Home
West Ham United,17/10/2021,76,98,66415,1,Away
Leicester City,16/10/2021,31*82*87*95,100,66416,4,Home
Manchester United,16/10/2021,19*86,100,66416,2,Away
Manchester City,16/10/2021,12*75,99,66417,2,Home
Burnley,16/10/2021,-1,99,66417,0,Away
Newcastle United,17/10/2021,2*98,104,66418,2,Home
Tottenham Hotspur,17/10/2021,17*22*48,104,66418,3,Away
Norwich City,16/10/2021,-1,98,66419,0,Home
Brighton and Hove Albion,16/10/2021,-1,98,66419,0,Away
Southampton,16/10/2021,54,97,66420,1,Home
Leeds United,16/10/2021,-1,97,66420,0,Away
Watford,16/10/2021,-1,94,66421,0,Home
Liverpool,16/10/2021,8*37*54*93*56,94,66421,5,Away
Arsenal,22/10/2021,23*51*63,103,66422,3,Home
Aston Villa,22/10/2021,89,103,66422,1,Away
Brentford,24/10/2021,63,101,66423,1,Home
Leicester City,24/10/2021,14*77,101,66423,2,Away
Brighton and Hove Albion,23/10/2021,84,99,66424,1,Home
Manchester City,23/10/2021,13*28*31*98,99,66424,4,Away
Chelsea,23/10/2021,8*87*93*18*42*59*64,96,66425,7,Home
Norwich City,23/10/2021,-1,96,66425,0,Away
Crystal Palace,23/10/2021,59,98,66426,1,Home
Newcastle United,23/10/2021,68,98,66426,1,Away
Everton,23/10/2021,3*68,100,66427,2,Home
Watford,23/10/2021,13*85*91*83*96,100,66427,5,Away
Leeds United,23/10/2021,96,99,66428,1,Home
Wolverhampton Wanderers,23/10/2021,10,99,66428,1,Away
Manchester United,24/10/2021,-1,100,66429,0,Home
Liverpool,24/10/2021,5*13*38*50*56,100,66429,5,Away
Southampton,23/10/2021,41*53,98,66430,2,Home
Burnley,23/10/2021,13*60,98,66430,2,Away
West Ham United,24/10/2021,74,96,66431,1,Home
Tottenham Hotspur,24/10/2021,-1,96,66431,0,Away
Aston Villa,31/10/2021,34,98,66432,1,Home
West Ham United,31/10/2021,7*38*83*87,98,66432,4,Away
Burnley,30/10/2021,4*32*36,96,66433,3,Home
Brentford,30/10/2021,81,96,66433,1,Away
Leicester City,30/10/2021,-1,99,66434,0,Home
Arsenal,30/10/2021,5*18,99,66434,2,Away
Liverpool,30/10/2021,4*24,98,66435,2,Home
Brighton and Hove Albion,30/10/2021,41*68,98,66435,2,Away
Manchester City,30/10/2021,-1,102,66436,0,Home
Crystal Palace,30/10/2021,6*94,102,66436,2,Away
Newcastle United,30/10/2021,-1,98,66437,0,Home
Chelsea,30/10/2021,69*85*81,98,66437,3,Away
Norwich City,31/10/2021,60,98,66438,1,Home
Leeds United,31/10/2021,58*62,98,66438,2,Away
Tottenham Hotspur,30/10/2021,-1,96,66439,0,Home
Manchester United,30/10/2021,39*66*88,96,66439,3,Away
Watford,30/10/2021,-1,98,66440,0,Home
Southampton,30/10/2021,20,98,66440,1,Away
Wolverhampton Wanderers,1/11/2021,28*32,99,66441,2,Home
Everton,1/11/2021,69,99,66441,1,Away
Arsenal,7/11/2021,60,102,66442,1,Home
Watford,7/11/2021,-1,102,66442,0,Away
Brentford,6/11/2021,63,101,66443,1,Home
Norwich City,6/11/2021,6*29,101,66443,2,Away
Brighton and Hove Albion,6/11/2021,24,103,66444,1,Home
Newcastle United,6/11/2021,70,103,66444,1,Away
Chelsea,6/11/2021,33,98,66445,1,Home
Burnley,6/11/2021,82,98,66445,1,Away
Crystal Palace,6/11/2021,64*81,101,66446,2,Home
Wolverhampton Wanderers,6/11/2021,-1,101,66446,0,Away
Everton,7/11/2021,-1,99,66447,0,Home
Tottenham Hotspur,7/11/2021,-1,99,66447,0,Away
Leeds United,7/11/2021,26,97,66448,1,Home
Leicester City,7/11/2021,28,97,66448,1,Away
Manchester United,6/11/2021,-1,97,66449,0,Home
Manchester City,6/11/2021,7*45,97,66449,2,Away
Southampton,5/11/2021,3,100,66450,1,Home
Aston Villa,5/11/2021,-1,100,66450,0,Away
West Ham United,7/11/2021,4*75*82,103,66451,3,Home
Liverpool,7/11/2021,41*91,103,66451,2,Away
Aston Villa,20/11/2021,87*92,98,66452,2,Home
Brighton and Hove Albion,20/11/2021,-1,98,66452,0,Away
Burnley,20/11/2021,19*27*52,97,66453,3,Home
Crystal Palace,20/11/2021,8*36*41,97,66453,3,Away
Leicester City,20/11/2021,-1,97,66454,0,Home
Chelsea,20/11/2021,14*28*74,97,66454,3,Away
Liverpool,20/11/2021,39*53*74*78,95,66455,4,Home
Arsenal,20/11/2021,-1,95,66455,0,Away
Manchester City,21/11/2021,44*59*90,97,66456,3,Home
Everton,21/11/2021,-1,97,66456,0,Away
Newcastle United,20/11/2021,10*39*78,98,66457,3,Home
Brentford,20/11/2021,11*31*64,98,66457,3,Away
Norwich City,20/11/2021,7*81,97,66458,2,Home
Southampton,20/11/2021,4,97,66458,1,Away
Tottenham Hotspur,21/11/2021,60*71,97,66459,2,Home
Leeds United,21/11/2021,44,97,66459,1,Away
Watford,20/11/2021,28*44*96*100,101,66460,4,Home
Manchester United,20/11/2021,54,101,66460,1,Away
Wolverhampton Wanderers,20/11/2021,59,97,66461,1,Home
West Ham United,20/11/2021,-1,97,66461,0,Away
Arsenal,27/11/2021,60*70,100,66462,2,Home
Newcastle United,27/11/2021,-1,100,66462,0,Away
Brentford,28/11/2021,24,99,66463,1,Home
Everton,28/11/2021,-1,99,66463,0,Away
Brighton and Hove Albion,27/11/2021,-1,97,66464,0,Home
Leeds United,27/11/2021,-1,97,66464,0,Away
Burnley,23/2/2022,73,96,66465,1,Home
Tottenham Hotspur,23/2/2022,-1,96,66465,0,Away
Chelsea,28/11/2021,70,99,66466,1,Home
Manchester United,28/11/2021,51,99,66466,1,Away
Crystal Palace,27/11/2021,99,101,66467,1,Home
Aston Villa,27/11/2021,15*90,101,66467,2,Away
Leicester City,28/11/2021,16*34*42*70,100,66468,4,Home
Watford,28/11/2021,30*63,100,66468,2,Away
Liverpool,27/11/2021,2*32*37*54,95,66469,4,Home
Southampton,27/11/2021,-1,95,66469,0,Away
Manchester City,28/11/2021,33*91,96,66470,2,Home
West Ham United,28/11/2021,95,96,66470,1,Away
Norwich City,27/11/2021,-1,97,66471,0,Home
Wolverhampton Wanderers,27/11/2021,-1,97,66471,0,Away
Aston Villa,1/12/2021,50,98,66472,1,Home
Manchester City,1/12/2021,27*43,98,66472,2,Away
Everton,1/12/2021,38,98,66473,1,Home
Liverpool,1/12/2021,9*19*68*83,98,66473,4,Away
Leeds United,30/11/2021,97,100,66474,1,Home
Crystal Palace,30/11/2021,-1,100,66474,0,Away
Manchester United,2/12/2021,44*57*75,101,66475,3,Home
Arsenal,2/12/2021,13*59,101,66475,2,Away
Watford,1/12/2021,44,105,66476,1,Home
Chelsea,1/12/2021,30*80,105,66476,2,Away
West Ham United,1/12/2021,5,102,66477,1,Home
Brighton and Hove Albion,1/12/2021,94,102,66477,1,Away
Wolverhampton Wanderers,1/12/2021,-1,97,66478,0,Home
Burnley,1/12/2021,-1,97,66478,0,Away
Newcastle United,30/11/2021,63,99,66479,1,Home
Norwich City,30/11/2021,81,99,66479,1,Away
Southampton,1/12/2021,3*34,98,66480,2,Home
Leicester City,1/12/2021,22*51,98,66480,2,Away
Tottenham Hotspur,2/12/2021,12*68,97,66481,2,Home
Brentford,2/12/2021,-1,97,66481,0,Away
Aston Villa,5/12/2021,17*58,99,66482,2,Home
Leicester City,5/12/2021,14,99,66482,1,Away
Everton,6/12/2021,84*96,102,66483,2,Home
Arsenal,6/12/2021,47,102,66483,1,Away
Leeds United,5/12/2021,27*99,100,66484,2,Home
Brentford,5/12/2021,58*65,100,66484,2,Away
Manchester United,5/12/2021,79,98,66485,1,Home
Crystal Palace,5/12/2021,-1,98,66485,0,Away
Newcastle United,4/12/2021,40,100,66486,1,Home
Burnley,4/12/2021,-1,100,66486,0,Away
Southampton,4/12/2021,29,103,66487,1,Home
Brighton and Hove Albion,4/12/2021,100,103,66487,1,Away
Tottenham Hotspur,5/12/2021,10*71*81,99,66488,3,Home
Norwich City,5/12/2021,-1,99,66488,0,Away
Watford,4/12/2021,77,98,66489,1,Home
Manchester City,4/12/2021,4*31*66,98,66489,3,Away
West Ham United,4/12/2021,40*61*92,100,66490,3,Home
Chelsea,4/12/2021,28*44,100,66490,2,Away
Wolverhampton Wanderers,4/12/2021,-1,101,66491,0,Home
Liverpool,4/12/2021,98,101,66491,1,Away
Arsenal,11/12/2021,21*27*66,98,66492,3,Home
Southampton,11/12/2021,-1,98,66492,0,Away
Brentford,10/12/2021,86*98,99,66493,2,Home
Watford,10/12/2021,24,99,66493,1,Away
Brighton and Hove Albion,16/3/2022,-1,98,66494,0,Home
Tottenham Hotspur,16/3/2022,37*60,98,66494,2,Away
Burnley,12/12/2021,-1,98,66495,0,Home
West Ham United,12/12/2021,-1,98,66495,0,Away
Chelsea,11/12/2021,42*61*97,101,66496,3,Home
Leeds United,11/12/2021,28*86,101,66496,2,Away
Crystal Palace,12/12/2021,41*96*65,99,66497,3,Home
Everton,12/12/2021,73,99,66497,1,Away
Leicester City,12/12/2021,38*84*60*88,97,66498,4,Home
Newcastle United,12/12/2021,-1,97,66498,0,Away
Liverpool,11/12/2021,71,99,66499,1,Home
Aston Villa,11/12/2021,-1,99,66499,0,Away
Manchester City,11/12/2021,74,103,66500,1,Home
Wolverhampton Wanderers,11/12/2021,-1,103,66500,0,Away
Norwich City,11/12/2021,-1,98,66501,0,Home
Manchester United,11/12/2021,77,98,66501,1,Away
Arsenal,15/12/2021,49*88,97,66502,2,Home
West Ham United,15/12/2021,-1,97,66502,0,Away
Brentford,19/1/2022,88,98,66503,1,Home
Manchester United,19/1/2022,58*65*80,98,66503,3,Away
Brighton and Hove Albion,15/12/2021,-1,108,66504,0,Home
Wolverhampton Wanderers,15/12/2021,46,108,66504,1,Away
Burnley,5/2/2022,-1,95,66505,0,Home
Watford,5/2/2022,-1,95,66505,0,Away
Crystal Palace,15/12/2021,2*68,100,66506,2,Home
Southampton,15/12/2021,32*36,100,66506,2,Away
Leicester City,19/1/2022,24*79,101,66507,2,Home
Tottenham Hotspur,19/1/2022,38*98*100,101,66507,3,Away
Norwich City,14/12/2021,-1,100,66508,0,Home
Aston Villa,14/12/2021,34*92,100,66508,2,Away
Chelsea,16/12/2021,72,98,66509,1,Home
Everton,16/12/2021,76,98,66509,1,Away
Liverpool,16/12/2021,21*25*90,98,66510,3,Home
Newcastle United,16/12/2021,7,98,66510,1,Away
Manchester City,14/12/2021,8*13*32*66*53*82*78,98,66511,7,Home
Leeds United,14/12/2021,-1,98,66511,0,Away
Aston Villa,19/5/2022,50,99,66512,1,Home
Burnley,19/5/2022,45,99,66512,1,Away
Everton,20/4/2022,93,97,66513,1,Home
Leicester City,20/4/2022,5,97,66513,1,Away
Leeds United,18/12/2021,79,97,66514,1,Home
Arsenal,18/12/2021,16*28*42*88,97,66514,4,Away
Manchester United,15/2/2022,52*98,99,66515,2,Home
Brighton and Hove Albion,15/2/2022,-1,99,66515,0,Away
Newcastle United,19/12/2021,-1,95,66516,0,Home
Manchester City,19/12/2021,5*27*66*88,95,66516,4,Away
Southampton,11/1/2022,5*37*52*73,99,66517,4,Home
Brentford,11/1/2022,23,99,66517,1,Away
Tottenham Hotspur,19/12/2021,13*78,101,66518,2,Home
Liverpool,19/12/2021,35*73,101,66518,2,Away
Watford,23/2/2022,18,98,66519,1,Home
Crystal Palace,23/2/2022,15*42*89*94,98,66519,4,Away
West Ham United,12/1/2022,42*87,98,66520,2,Home
Norwich City,12/1/2022,-1,98,66520,0,Away
Wolverhampton Wanderers,19/12/2021,-1,98,66521,0,Home
Chelsea,19/12/2021,-1,98,66521,0,Away
Aston Villa,26/12/2021,28,97,66522,1,Home
Chelsea,26/12/2021,34*95*58,97,66522,3,Away
Brighton and Hove Albion,26/12/2021,34*42,98,66523,2,Home
Brentford,26/12/2021,-1,98,66523,0,Away
Burnley,6/4/2022,12*61*89,99,66524,3,Home
Everton,6/4/2022,18*41,99,66524,2,Away
Liverpool,23/2/2022,15*35*30*83*93*96,98,66525,6,Home
Leeds United,23/2/2022,-1,98,66525,0,Away
Manchester City,26/12/2021,5*14*21*25*89*71,96,66526,6,Home
Leicester City,26/12/2021,57*61*67,96,66526,3,Away
Newcastle United,27/12/2021,7,103,66527,1,Home
Manchester United,27/12/2021,77,103,66527,1,Away
Norwich City,26/12/2021,-1,96,66528,0,Home
Arsenal,26/12/2021,6*70*44*87*94,96,66528,5,Away
Tottenham Hotspur,26/12/2021,32*34*77,96,66529,3,Home
Crystal Palace,26/12/2021,-1,96,66529,0,Away
West Ham United,26/12/2021,52*67,100,66530,2,Home
Southampton,26/12/2021,8*64*73,100,66530,3,Away
Wolverhampton Wanderers,10/3/2022,13*18*21*87,95,66531,4,Home
Watford,10/3/2022,-1,95,66531,0,Away
Arsenal,24/2/2022,85*98,101,66532,2,Home
Wolverhampton Wanderers,24/2/2022,10,101,66532,1,Away
Brentford,29/12/2021,-1,97,66533,0,Home
Manchester City,29/12/2021,16,97,66533,1,Away
Chelsea,29/12/2021,28,100,66534,1,Home
Brighton and Hove Albion,29/12/2021,96,100,66534,1,Away
Crystal Palace,28/12/2021,8*38*42,100,66535,3,Home
Norwich City,28/12/2021,-1,100,66535,0,Away
Everton,17/3/2022,101,110,66536,1,Home
Newcastle United,17/3/2022,-1,110,66536,0,Away
Leeds United,10/3/2022,-1,98,66537,0,Home
Aston Villa,10/3/2022,22*67*75,98,66537,3,Away
Leicester City,28/12/2021,61,98,66538,1,Home
Liverpool,28/12/2021,-1,98,66538,0,Away
Manchester United,30/12/2021,8*27*35,97,66539,3,Home
Burnley,30/12/2021,38,97,66539,1,Away
Southampton,28/12/2021,25,100,66540,1,Home
Tottenham Hotspur,28/12/2021,41,100,66540,1,Away
Watford,28/12/2021,4,98,66541,1,Home
West Ham United,28/12/2021,27*29*60*94,98,66541,4,Away
Arsenal,1/1/2022,31,101,66542,1,Home
Manchester City,1/1/2022,60*96,101,66542,2,Away
Brentford,2/1/2022,42*86,99,66543,2,Home
Aston Villa,2/1/2022,16,99,66543,1,Away
Chelsea,2/1/2022,42*46,100,66544,2,Home
Liverpool,2/1/2022,9*26,100,66544,2,Away
Crystal Palace,1/1/2022,89*96,101,66545,2,Home
West Ham United,1/1/2022,22*25*50,101,66545,3,Away
Everton,2/1/2022,57*80,99,66546,2,Home
Brighton and Hove Albion,2/1/2022,3*75*21,99,66546,3,Away
Leeds United,2/1/2022,39*80*95,99,66547,3,Home
Burnley,2/1/2022,57,99,66547,1,Away
Leicester City,11/5/2022,57*65*73,95,66548,3,Home
Norwich City,11/5/2022,-1,95,66548,0,Away
Manchester United,3/1/2022,-1,99,66549,0,Home
Wolverhampton Wanderers,3/1/2022,84,99,66549,1,Away
Southampton,10/3/2022,25,101,66550,1,Home
Newcastle United,10/3/2022,32*55,101,66550,2,Away
Watford,1/1/2022,-1,104,66551,0,Home
Tottenham Hotspur,1/1/2022,98,104,66551,1,Away
Aston Villa,15/1/2022,82*86,102,66552,2,Home
Manchester United,15/1/2022,6*72,102,66552,2,Away
Brighton and Hove Albion,14/1/2022,91,99,66553,1,Home
Crystal Palace,14/1/2022,73,99,66553,1,Away
Burnley,1/3/2022,-1,97,66554,0,Home
Leicester City,1/3/2022,85*93,97,66554,2,Away
Liverpool,16/1/2022,44*71*79,95,66555,3,Home
Brentford,16/1/2022,-1,95,66555,0,Away
Manchester City,15/1/2022,72,96,66556,1,Home
Chelsea,15/1/2022,-1,96,66556,0,Away
Newcastle United,15/1/2022,52,98,66557,1,Home
Watford,15/1/2022,90,98,66557,1,Away
Norwich City,15/1/2022,16*18,102,66558,2,Home
Everton,15/1/2022,62,102,66558,1,Away
Tottenham Hotspur,12/5/2022,22*37*50,96,66559,3,Home
Arsenal,12/5/2022,-1,96,66559,0,Away
West Ham United,16/1/2022,33*57,100,66560,2,Home
Leeds United,16/1/2022,10*37*65,100,66560,3,Away
Wolverhampton Wanderers,15/1/2022,37*64*96,102,66561,3,Home
Southampton,15/1/2022,89,102,66561,1,Away
Arsenal,23/1/2022,-1,97,66562,0,Home
Burnley,23/1/2022,-1,97,66562,0,Away
Brentford,22/1/2022,98,126,66563,1,Home
Wolverhampton Wanderers,22/1/2022,75*105,126,66563,2,Away
Chelsea,23/1/2022,50*58,99,66564,2,Home
Tottenham Hotspur,23/1/2022,-1,99,66564,0,Away
Crystal Palace,23/1/2022,57,99,66565,1,Home
Liverpool,23/1/2022,8*32*91,99,66565,3,Away
Everton,22/1/2022,-1,101,66566,0,Home
Aston Villa,22/1/2022,48,101,66566,1,Away
Leeds United,22/1/2022,-1,102,66567,0,Home
Newcastle United,22/1/2022,81,102,66567,1,Away
Leicester City,23/1/2022,49,98,66568,1,Home
Brighton and Hove Albion,23/1/2022,85,98,66568,1,Away
Manchester United,22/1/2022,94,96,66569,1,Home
West Ham United,22/1/2022,-1,96,66569,0,Away
Southampton,22/1/2022,7,100,66570,1,Home
Manchester City,22/1/2022,68,100,66570,1,Away
Watford,21/1/2022,-1,108,66571,0,Home
Norwich City,21/1/2022,54*77*95,108,66571,3,Away
Aston Villa,9/2/2022,30*38*43,103,66572,3,Home
Leeds United,9/2/2022,9*47*67,103,66572,3,Away
Brighton and Hove Albion,18/1/2022,62,96,66573,1,Home
Chelsea,18/1/2022,28,96,66573,1,Away
Burnley,8/2/2022,50,98,66574,1,Home
Manchester United,8/2/2022,18,98,66574,1,Away
Norwich City,9/2/2022,1,96,66575,1,Home
Crystal Palace,9/2/2022,63,96,66575,1,Away
West Ham United,8/2/2022,69,95,66576,1,Home
Watford,8/2/2022,-1,95,66576,0,Away
Wolverhampton Wanderers,10/2/2022,-1,100,66577,0,Home
Arsenal,10/2/2022,25,100,66577,1,Away
Liverpool,10/2/2022,34*90,97,66578,2,Home
Leicester City,10/2/2022,-1,97,66578,0,Away
Manchester City,9/2/2022,40*72,97,66579,2,Home
Brentford,9/2/2022,-1,97,66579,0,Away
Newcastle United,8/2/2022,37*60*84,99,66580,3,Home
Everton,8/2/2022,36,99,66580,1,Away
Tottenham Hotspur,9/2/2022,18*72,99,66581,2,Home
Southampton,9/2/2022,23*84*82,99,66581,3,Away
Brentford,12/2/2022,-1,97,66582,0,Home
Crystal Palace,12/2/2022,-1,97,66582,0,Away
Burnley,13/2/2022,-1,97,66583,0,Home
Liverpool,13/2/2022,40,97,66583,1,Away
Chelsea,20/4/2022,17*32,98,66584,2,Home
Arsenal,20/4/2022,13*59*27*94,98,66584,4,Away
Everton,12/2/2022,10*23*81,98,66585,3,Home
Leeds United,12/2/2022,-1,98,66585,0,Away
Leicester City,13/2/2022,45*61,99,66586,2,Home
West Ham United,13/2/2022,10*95,99,66586,2,Away
Manchester United,12/2/2022,21,99,66587,1,Home
Southampton,12/2/2022,51,99,66587,1,Away
Newcastle United,13/2/2022,35,105,66588,1,Home
Aston Villa,13/2/2022,-1,105,66588,0,Away
Norwich City,12/2/2022,-1,96,66589,0,Home
Manchester City,12/2/2022,31*72*92*50,96,66589,4,Away
Tottenham Hotspur,13/2/2022,-1,100,66590,0,Home
Wolverhampton Wanderers,13/2/2022,6*18,100,66590,2,Away
Watford,12/2/2022,-1,95,66591,0,Home
Brighton and Hove Albion,12/2/2022,44*85,95,66591,2,Away
Arsenal,19/2/2022,52*83,100,66592,2,Home
Brentford,19/2/2022,97,100,66592,1,Away
Aston Villa,19/2/2022,-1,102,66593,0,Home
Watford,19/2/2022,80,102,66593,1,Away
Brighton and Hove Albion,19/2/2022,-1,98,66594,0,Home
Burnley,19/2/2022,21*40*72,98,66594,3,Away
Crystal Palace,19/2/2022,-1,99,66595,0,Home
Chelsea,19/2/2022,93,99,66595,1,Away
Leeds United,20/2/2022,60*61,103,66596,2,Home
Manchester United,20/2/2022,34*50*77*95,103,66596,4,Away
Liverpool,19/2/2022,66*69*83,96,66597,3,Home
Norwich City,19/2/2022,50,96,66597,1,Away
Manchester City,19/2/2022,33*95,103,66598,2,Home
Tottenham Hotspur,19/2/2022,4*62*98,103,66598,3,Away
Southampton,19/2/2022,54*86,97,66599,2,Home
Everton,19/2/2022,-1,97,66599,0,Away
West Ham United,19/2/2022,32,99,66600,1,Home
Newcastle United,19/2/2022,46,99,66600,1,Away
Wolverhampton Wanderers,20/2/2022,9*69,98,66601,2,Home
Leicester City,20/2/2022,41,98,66601,1,Away
Arsenal,16/3/2022,-1,95,66602,0,Home
Liverpool,16/3/2022,55*63,95,66602,2,Away
Brentford,26/2/2022,-1,100,66603,0,Home
Newcastle United,26/2/2022,33*44,100,66603,2,Away
Brighton and Hove Albion,26/2/2022,-1,97,66604,0,Home
Aston Villa,26/2/2022,17*71,97,66604,2,Away
Chelsea,19/5/2022,35,96,66605,1,Home
Leicester City,19/5/2022,6,96,66605,1,Away
Crystal Palace,26/2/2022,9,98,66606,1,Home
Burnley,26/2/2022,48,98,66606,1,Away
Everton,26/2/2022,-1,102,66607,0,Home
Manchester City,26/2/2022,85,102,66607,1,Away
Leeds United,26/2/2022,-1,96,66608,0,Home
Tottenham Hotspur,26/2/2022,10*15*27*87,96,66608,4,Away
Manchester United,26/2/2022,-1,94,66609,0,Home
Watford,26/2/2022,-1,94,66609,0,Away
Southampton,25/2/2022,36*90,96,66610,2,Home
Norwich City,25/2/2022,-1,96,66610,0,Away
West Ham United,27/2/2022,64,99,66611,1,Home
Wolverhampton Wanderers,27/2/2022,-1,99,66611,0,Away
Aston Villa,5/3/2022,9*44*56*54,96,66612,4,Home
Southampton,5/3/2022,-1,96,66612,0,Away
Burnley,5/3/2022,-1,94,66613,0,Home
Chelsea,5/3/2022,49*55*57*71,94,66613,4,Away
Leicester City,5/3/2022,68,96,66614,1,Home
Leeds United,5/3/2022,-1,96,66614,0,Away
Liverpool,5/3/2022,27,98,66615,1,Home
West Ham United,5/3/2022,-1,98,66615,0,Away
Manchester City,6/3/2022,5*28*72*95,99,66616,4,Home
Manchester United,6/3/2022,22,99,66616,1,Away
Newcastle United,5/3/2022,12*14,99,66617,2,Home
Brighton and Hove Albion,5/3/2022,59,99,66617,1,Away
Norwich City,5/3/2022,95,102,66618,1,Home
Brentford,5/3/2022,32*55*61,102,66618,3,Away
Tottenham Hotspur,7/3/2022,14*17*37*59*50,98,66619,5,Home
Everton,7/3/2022,-1,98,66619,0,Away
Watford,6/3/2022,11*89,99,66620,2,Home
Arsenal,6/3/2022,5*30*54,99,66620,3,Away
Wolverhampton Wanderers,5/3/2022,-1,99,66621,0,Home
Crystal Palace,5/3/2022,19*34,99,66621,2,Away
Arsenal,13/3/2022,11*61,98,66622,2,Home
Leicester City,13/3/2022,-1,98,66622,0,Away
Brentford,12/3/2022,87*96,97,66623,2,Home
Burnley,12/3/2022,-1,97,66623,0,Away
Brighton and Hove Albion,12/3/2022,-1,99,66624,0,Home
Liverpool,12/3/2022,19*64,99,66624,2,Away
Chelsea,13/3/2022,91,97,66625,1,Home
Newcastle United,13/3/2022,-1,97,66625,0,Away
Crystal Palace,14/3/2022,-1,99,66626,0,Home
Manchester City,14/3/2022,-1,99,66626,0,Away
Everton,13/3/2022,-1,99,66627,0,Home
Wolverhampton Wanderers,13/3/2022,53,99,66627,1,Away
Leeds United,13/3/2022,14*97,101,66628,2,Home
Norwich City,13/3/2022,94,101,66628,1,Away
Manchester United,12/3/2022,12*38*84,98,66629,3,Home
Tottenham Hotspur,12/3/2022,35*75,98,66629,2,Away
Southampton,13/3/2022,45,104,66630,1,Home
Watford,13/3/2022,14*34,104,66630,2,Away
West Ham United,13/3/2022,77*89,105,66631,2,Home
Aston Villa,13/3/2022,97,105,66631,1,Away
Aston Villa,19/3/2022,-1,100,66632,0,Home
Arsenal,19/3/2022,30,100,66632,1,Away
Burnley,21/4/2022,12*44,99,66633,2,Home
Southampton,21/4/2022,-1,99,66633,0,Away
Leicester City,20/3/2022,20*33,97,66634,2,Home
Brentford,20/3/2022,87,97,66634,1,Away
Liverpool,19/4/2022,5*22*87*70,96,66635,4,Home
Manchester United,19/4/2022,-1,96,66635,0,Away
Manchester City,20/4/2022,56*68*85,97,66636,3,Home
Brighton and Hove Albion,20/4/2022,-1,97,66636,0,Away
Newcastle United,20/4/2022,32,98,66637,1,Home
Crystal Palace,20/4/2022,-1,98,66637,0,Away
Norwich City,10/3/2022,71,96,66638,1,Home
Chelsea,10/3/2022,3*14*92,96,66638,3,Away
Tottenham Hotspur,20/3/2022,9*24*91,99,66639,3,Home
West Ham United,20/3/2022,35,99,66639,1,Away
Watford,11/5/2022,-1,95,66640,0,Home
Everton,11/5/2022,-1,95,66640,0,Away
Wolverhampton Wanderers,18/3/2022,26*56,112,66641,2,Home
Leeds United,18/3/2022,75*78*103,112,66641,3,Away
Brighton and Hove Albion,2/4/2022,-1,98,66642,0,Home
Norwich City,2/4/2022,-1,98,66642,0,Away
Burnley,2/4/2022,-1,95,66643,0,Home
Manchester City,2/4/2022,5*25,95,66643,2,Away
Chelsea,2/4/2022,51,99,66644,1,Home
Brentford,2/4/2022,53*63*57*90,99,66644,4,Away
Crystal Palace,4/4/2022,16*24*76,96,66645,3,Home
Arsenal,4/4/2022,-1,96,66645,0,Away
Leeds United,2/4/2022,29,98,66646,1,Home
Southampton,2/4/2022,51,98,66646,1,Away
Liverpool,2/4/2022,22*92,97,66647,2,Home
Watford,2/4/2022,-1,97,66647,0,Away
Manchester United,2/4/2022,70,101,66648,1,Home
Leicester City,2/4/2022,67,101,66648,1,Away
Tottenham Hotspur,3/4/2022,43*52*58*67*87,98,66649,5,Home
Newcastle United,3/4/2022,39,98,66649,1,Away
West Ham United,3/4/2022,32*61,98,66650,2,Home
Everton,3/4/2022,56,98,66650,1,Away
Wolverhampton Wanderers,2/4/2022,7*36,101,66651,2,Home
Aston Villa,2/4/2022,92,101,66651,1,Away
Arsenal,9/4/2022,95,103,66652,1,Home
Brighton and Hove Albion,9/4/2022,28*72,103,66652,2,Away
Aston Villa,9/4/2022,-1,101,66653,0,Home
Tottenham Hotspur,9/4/2022,3*72*77*56,101,66653,4,Away
Brentford,10/4/2022,52*68,98,66654,2,Home
West Ham United,10/4/2022,-1,98,66654,0,Away
Everton,9/4/2022,27,98,66655,1,Home
Manchester United,9/4/2022,-1,98,66655,0,Away
Leicester City,10/4/2022,39*45,97,66656,2,Home
Crystal Palace,10/4/2022,69,97,66656,1,Away
Manchester City,10/4/2022,5*37,97,66657,2,Home
Liverpool,10/4/2022,13*49,97,66657,2,Away
Newcastle United,8/4/2022,76,100,66658,1,Home
Wolverhampton Wanderers,8/4/2022,-1,100,66658,0,Away
Norwich City,10/4/2022,9*89,99,66659,2,Home
Burnley,10/4/2022,-1,99,66659,0,Away
Southampton,9/4/2022,-1,95,66660,0,Home
Chelsea,9/4/2022,8*16*56*22*51*31,95,66660,6,Away
Watford,9/4/2022,-1,96,66661,0,Home
Leeds United,9/4/2022,21*76*88,96,66661,3,Away
Aston Villa,10/5/2022,3,100,66662,1,Home
Liverpool,10/5/2022,6*69,100,66662,2,Away
Everton,19/5/2022,59*80*90,103,66663,3,Home
Crystal Palace,19/5/2022,21*36,103,66663,2,Away
Leeds United,11/5/2022,-1,100,66664,0,Home
Chelsea,11/5/2022,4*61*89,100,66664,3,Away
Manchester United,16/4/2022,7*32*80,100,66665,3,Home
Norwich City,16/4/2022,46*56,100,66665,2,Away
Newcastle United,17/4/2022,30*101,103,66666,2,Home
Leicester City,17/4/2022,19,103,66666,1,Away
Southampton,16/4/2022,44,99,66667,1,Home
Arsenal,16/4/2022,-1,99,66667,0,Away
Tottenham Hotspur,16/4/2022,-1,100,66668,0,Home
Brighton and Hove Albion,16/4/2022,94,100,66668,1,Away
Watford,16/4/2022,57,98,66669,1,Home
Brentford,16/4/2022,15*97,98,66669,2,Away
West Ham United,17/4/2022,84,104,66670,1,Home
Burnley,17/4/2022,33,104,66670,1,Away
Wolverhampton Wanderers,11/5/2022,11,97,66671,1,Home
Manchester City,11/5/2022,7*16*24*63*87,97,66671,5,Away
Arsenal,23/4/2022,3*32*76,101,66672,3,Home
Manchester United,23/4/2022,34,101,66672,1,Away
Brentford,23/4/2022,-1,96,66673,0,Home
Tottenham Hotspur,23/4/2022,-1,96,66673,0,Away
Brighton and Hove Albion,24/4/2022,2*44,101,66674,2,Home
Southampton,24/4/2022,49*60,101,66674,2,Away
Burnley,24/4/2022,64,97,66675,1,Home
Wolverhampton Wanderers,24/4/2022,-1,97,66675,0,Away
Chelsea,24/4/2022,93,98,66676,1,Home
West Ham United,24/4/2022,-1,98,66676,0,Away
Crystal Palace,25/4/2022,-1,95,66677,0,Home
Leeds United,25/4/2022,-1,95,66677,0,Away
Leicester City,23/4/2022,-1,100,66678,0,Home
Aston Villa,23/4/2022,-1,100,66678,0,Away
Liverpool,24/4/2022,67*90,99,66679,2,Home
Everton,24/4/2022,-1,99,66679,0,Away
Manchester City,23/4/2022,4*23*52*56*34,96,66680,5,Home
Watford,23/4/2022,28,96,66680,1,Away
Norwich City,23/4/2022,-1,97,66681,0,Home
Newcastle United,23/4/2022,35*41*52,97,66681,3,Away
Aston Villa,30/4/2022,41*98,101,66682,2,Home
Norwich City,30/4/2022,-1,101,66682,0,Away
Everton,1/5/2022,49,102,66683,1,Home
Chelsea,1/5/2022,-1,102,66683,0,Away
Leeds United,30/4/2022,-1,102,66684,0,Home
Manchester City,30/4/2022,13*62*86*101,102,66684,4,Away
Manchester United,2/5/2022,9*63*74,94,66685,3,Home
Brentford,2/5/2022,-1,94,66685,0,Away
Newcastle United,30/4/2022,-1,98,66686,0,Home
Liverpool,30/4/2022,19,98,66686,1,Away
Southampton,30/4/2022,9,99,66687,1,Home
Crystal Palace,30/4/2022,64*96,99,66687,2,Away
Tottenham Hotspur,1/5/2022,22*62*81,96,66688,3,Home
Leicester City,1/5/2022,93,96,66688,1,Away
Watford,30/4/2022,8,96,66689,1,Home
Burnley,30/4/2022,85*88,96,66689,2,Away
West Ham United,1/5/2022,45,98,66690,1,Home
Arsenal,1/5/2022,38*56,98,66690,2,Away
Wolverhampton Wanderers,30/4/2022,-1,98,66691,0,Home
Brighton and Hove Albion,30/4/2022,42*74*90,98,66691,3,Away
Arsenal,8/5/2022,5*10,99,66692,2,Home
Leeds United,8/5/2022,71,99,66692,1,Away
Brentford,7/5/2022,13*14*82,97,66693,3,Home
Southampton,7/5/2022,-1,97,66693,0,Away
Brighton and Hove Albion,7/5/2022,15*52*63*60,96,66694,4,Home
Manchester United,7/5/2022,-1,96,66694,0,Away
Burnley,7/5/2022,93,95,66695,1,Home
Aston Villa,7/5/2022,7*31*54,95,66695,3,Away
Chelsea,7/5/2022,60*62,103,66696,2,Home
Wolverhampton Wanderers,7/5/2022,83*101,103,66696,2,Away
Crystal Palace,7/5/2022,31,100,66697,1,Home
Watford,7/5/2022,-1,100,66697,0,Away
Leicester City,8/5/2022,11,98,66698,1,Home
Everton,8/5/2022,6*30,98,66698,2,Away
Liverpool,7/5/2022,76,98,66699,1,Home
Tottenham Hotspur,7/5/2022,58,98,66699,1,Away
Manchester City,8/5/2022,19*96*38*64*93,97,66700,5,Home
Newcastle United,8/5/2022,-1,97,66700,0,Away
Norwich City,8/5/2022,-1,98,66701,0,Home
West Ham United,8/5/2022,12*48*30*69,98,66701,4,Away
Aston Villa,15/5/2022,71,98,66702,1,Home
Crystal Palace,15/5/2022,83,98,66702,1,Away
Everton,15/5/2022,10*47,100,66703,2,Home
Brentford,15/5/2022,37*67*69,100,66703,3,Away
Leeds United,15/5/2022,95,101,66704,1,Home
Brighton and Hove Albion,15/5/2022,21,101,66704,1,Away
Manchester United,28/4/2022,63,95,66705,1,Home
Chelsea,28/4/2022,61,95,66705,1,Away
Newcastle United,16/5/2022,56*86,98,66706,2,Home
Arsenal,16/5/2022,-1,98,66706,0,Away
Southampton,17/5/2022,13,98,66707,1,Home
Liverpool,17/5/2022,27*71,98,66707,2,Away
Tottenham Hotspur,15/5/2022,53,104,66708,1,Home
Burnley,15/5/2022,-1,104,66708,0,Away
Watford,15/5/2022,6,98,66709,1,Home
Leicester City,15/5/2022,18*22*75*51*91,98,66709,5,Away
West Ham United,15/5/2022,24*45,98,66710,2,Home
Manchester City,15/5/2022,51*71,98,66710,2,Away
Wolverhampton Wanderers,15/5/2022,57,97,66711,1,Home
Norwich City,15/5/2022,37,97,66711,1,Away
Arsenal,22/5/2022,27*31*60*63*86,98,66712,5,Home
Everton,22/5/2022,48,98,66712,1,Away
Brentford,22/5/2022,81,99,66713,1,Home
Leeds United,22/5/2022,59*97,99,66713,2,Away
Brighton and Hove Albion,22/5/2022,53*83*95,97,66714,3,Home
West Ham United,22/5/2022,40,97,66714,1,Away
Burnley,22/5/2022,75,101,66715,1,Home
Newcastle United,22/5/2022,20*66,101,66715,2,Away
Chelsea,22/5/2022,11*92,95,66716,2,Home
Watford,22/5/2022,88,95,66716,1,Away
Crystal Palace,22/5/2022,37,99,66717,1,Home
Manchester United,22/5/2022,-1,99,66717,0,Away
Leicester City,22/5/2022,50*75*82*97,98,66718,4,Home
Southampton,22/5/2022,80,98,66718,1,Away
Liverpool,22/5/2022,24*90*95,100,66719,3,Home
Wolverhampton Wanderers,22/5/2022,3,100,66719,1,Away
Manchester City,22/5/2022,80*85*82,99,66720,3,Home
Aston Villa,22/5/2022,37*73,99,66720,2,Away
Norwich City,22/5/2022,-1,92,66721,0,Home
Tottenham Hotspur,22/5/2022,16*65*32*71*76,92,66721,5,Away