,Team,Date,Goals,TotalMins,MatchID,AgainstTeam,HomeOrAway,GoalsNum
1,Arsenal,13/8/2021,-1,98,66342,Brentford,Away,0
20,Arsenal,22/8/2021,-1,97,66352,Chelsea,Home,0
49,Arsenal,28/8/2021,-1,98,66366,Manchester City,Away,0
60,Arsenal,11/9/2021,67,96,66372,Norwich City,Home,1
85,Arsenal,18/9/2021,30,98,66384,Burnley,Away,1
100,Arsenal,26/9/2021,12*27*34,99,66392,Tottenham Hotspur,Home,3
121,Arsenal,2/10/2021,-1,96,66402,Brighton and Hove Albion,Away,0
140,Arsenal,18/10/2021,8*99,100,66412,Crystal Palace,Home,2
160,Arsenal,22/10/2021,23*51*63,103,66422,Aston Villa,Home,3
185,Arsenal,30/10/2021,5*18,99,66434,Leicester City,Away,2
200,Arsenal,7/11/2021,60,102,66442,Watford,Home,1
227,Arsenal,20/11/2021,-1,95,66455,Liverpool,Away,0
240,Arsenal,27/11/2021,60*70,100,66462,Newcastle United,Home,2
267,Arsenal,2/12/2021,13*59,101,66475,Manchester United,Away,2
283,Arsenal,6/12/2021,47,102,66483,Everton,Away,1
300,Arsenal,11/12/2021,21*27*66,98,66492,Southampton,Home,3
320,Arsenal,15/12/2021,49*88,97,66502,West Ham United,Home,2
345,Arsenal,18/12/2021,16*28*42*88,97,66514,Leeds United,Away,4
373,Arsenal,26/12/2021,6*70*44*87*94,96,66528,Norwich City,Away,5
400,Arsenal,1/1/2022,31,101,66542,Manchester City,Home,1
440,Arsenal,23/1/2022,-1,97,66562,Burnley,Home,0
471,Arsenal,10/2/2022,25,100,66577,Wolverhampton Wanderers,Away,1
500,Arsenal,19/2/2022,52*83,100,66592,Brentford,Home,2
380,Arsenal,24/2/2022,85*98,101,66532,Wolverhampton Wanderers,Home,2
557,Arsenal,6/3/2022,5*30*54,99,66620,Watford,Away,3
560,Arsenal,13/3/2022,11*61,98,66622,Leicester City,Home,2
520,Arsenal,16/3/2022,-1,95,66602,Liverpool,Home,0
581,Arsenal,19/3/2022,30,100,66632,Aston Villa,Away,1
607,Arsenal,4/4/2022,-1,96,66645,Crystal Palace,Away,0
620,Arsenal,9/4/2022,95,103,66652,Brighton and Hove Albion,Home,1
651,Arsenal,16/4/2022,-1,99,66667,Southampton,Away,0
485,Arsenal,20/4/2022,13*59*27*94,98,66584,Chelsea,Away,4
660,Arsenal,23/4/2022,3*32*76,101,66672,Manchester United,Home,3
697,Arsenal,1/5/2022,38*56,98,66690,West Ham United,Away,2
700,Arsenal,8/5/2022,5*10,99,66692,Leeds United,Home,2
435,Arsenal,12/5/2022,-1,96,66559,Tottenham Hotspur,Away,0
729,Arsenal,16/5/2022,-1,98,66706,Newcastle United,Away,0
740,Arsenal,22/5/2022,27*31*60*63*86,98,66712,Everton,Home,5
19,Aston Villa,14/8/2021,73*100,101,66351,Watford,Away,2
22,Aston Villa,21/8/2021,48*67,102,66353,Newcastle United,Home,2
40,Aston Villa,28/8/2021,13,101,66362,Brentford,Home,1
65,Aston Villa,11/9/2021,-1,99,66374,Chelsea,Away,0
80,Aston Villa,18/9/2021,72*69*78,97,66382,Everton,Home,3
115,Aston Villa,25/9/2021,93,101,66399,Manchester United,Away,1
135,Aston Villa,3/10/2021,69,97,66409,Tottenham Hotspur,Away,1
142,Aston Villa,16/10/2021,52*72,101,66413,Wolverhampton Wanderers,Home,2
161,Aston Villa,22/10/2021,89,103,66422,Arsenal,Away,1
180,Aston Villa,31/10/2021,34,98,66432,West Ham United,Home,1
217,Aston Villa,5/11/2021,-1,100,66450,Southampton,Away,0
220,Aston Villa,20/11/2021,87*92,98,66452,Brighton and Hove Albion,Home,2
251,Aston Villa,27/11/2021,15*90,101,66467,Crystal Palace,Away,2
260,Aston Villa,1/12/2021,50,98,66472,Manchester City,Home,1
280,Aston Villa,5/12/2021,17*58,99,66482,Leicester City,Home,2
315,Aston Villa,11/12/2021,-1,99,66499,Liverpool,Away,0
333,Aston Villa,14/12/2021,34*92,100,66508,Norwich City,Away,2
360,Aston Villa,26/12/2021,28,97,66522,Chelsea,Home,1
403,Aston Villa,2/1/2022,16,99,66543,Brentford,Away,1
420,Aston Villa,15/1/2022,82*86,102,66552,Manchester United,Home,2
449,Aston Villa,22/1/2022,48,101,66566,Everton,Away,1
460,Aston Villa,9/2/2022,30*38*43,103,66572,Leeds United,Home,3
493,Aston Villa,13/2/2022,-1,105,66588,Newcastle United,Away,0
502,Aston Villa,19/2/2022,-1,102,66593,Watford,Home,0
525,Aston Villa,26/2/2022,17*71,97,66604,Brighton and Hove Albion,Away,2
540,Aston Villa,5/3/2022,9*44*56*54,96,66612,Southampton,Home,4
391,Aston Villa,10/3/2022,22*67*75,98,66537,Leeds United,Away,3
579,Aston Villa,13/3/2022,97,105,66631,West Ham United,Away,1
580,Aston Villa,19/3/2022,-1,100,66632,Arsenal,Home,0
619,Aston Villa,2/4/2022,92,101,66651,Wolverhampton Wanderers,Away,1
622,Aston Villa,9/4/2022,-1,101,66653,Tottenham Hotspur,Home,0
673,Aston Villa,23/4/2022,-1,100,66678,Leicester City,Away,0
680,Aston Villa,30/4/2022,41*98,101,66682,Norwich City,Home,2
707,Aston Villa,7/5/2022,7*31*54,95,66695,Burnley,Away,3
640,Aston Villa,10/5/2022,3,100,66662,Liverpool,Home,1
720,Aston Villa,15/5/2022,71,98,66702,Crystal Palace,Home,1
340,Aston Villa,19/5/2022,50,99,66512,Burnley,Home,1
757,Aston Villa,22/5/2022,37*73,99,66720,Manchester City,Away,2
0,Brentford,13/8/2021,22*75,98,66342,Arsenal,Home,2
27,Brentford,21/8/2021,-1,99,66355,Crystal Palace,Away,0
41,Brentford,28/8/2021,7,101,66362,Aston Villa,Away,1
62,Brentford,11/9/2021,-1,102,66373,Brighton and Hove Albion,Home,0
99,Brentford,18/9/2021,28*34,101,66391,Wolverhampton Wanderers,Away,2
102,Brentford,25/9/2021,27*66*85,99,66393,Liverpool,Home,3
137,Brentford,3/10/2021,20*100,101,66410,West Ham United,Away,2
144,Brentford,16/10/2021,-1,100,66414,Chelsea,Home,0
162,Brentford,24/10/2021,63,101,66423,Leicester City,Home,1
183,Brentford,30/10/2021,81,96,66433,Burnley,Away,1
202,Brentford,6/11/2021,63,101,66443,Norwich City,Home,1
231,Brentford,20/11/2021,11*31*64,98,66457,Newcastle United,Away,3
242,Brentford,28/11/2021,24,99,66463,Everton,Home,1
279,Brentford,2/12/2021,-1,97,66481,Tottenham Hotspur,Away,0
285,Brentford,5/12/2021,58*65,100,66484,Leeds United,Away,2
302,Brentford,10/12/2021,86*98,99,66493,Watford,Home,2
363,Brentford,26/12/2021,-1,98,66523,Brighton and Hove Albion,Away,0
382,Brentford,29/12/2021,-1,97,66533,Manchester City,Home,0
402,Brentford,2/1/2022,42*86,99,66543,Aston Villa,Home,2
351,Brentford,11/1/2022,23,99,66517,Southampton,Away,1
427,Brentford,16/1/2022,-1,95,66555,Liverpool,Away,0
322,Brentford,19/1/2022,88,98,66503,Manchester United,Home,1
442,Brentford,22/1/2022,98,126,66563,Wolverhampton Wanderers,Home,1
475,Brentford,9/2/2022,-1,97,66579,Manchester City,Away,0
480,Brentford,12/2/2022,-1,97,66582,Crystal Palace,Home,0
501,Brentford,19/2/2022,97,100,66592,Arsenal,Away,1
522,Brentford,26/2/2022,-1,100,66603,Newcastle United,Home,0
553,Brentford,5/3/2022,32*55*61,102,66618,Norwich City,Away,3
562,Brentford,12/3/2022,87*96,97,66623,Burnley,Home,2
585,Brentford,20/3/2022,87,97,66634,Leicester City,Away,1
605,Brentford,2/4/2022,53*63*57*90,99,66644,Chelsea,Away,4
624,Brentford,10/4/2022,52*68,98,66654,West Ham United,Home,2
655,Brentford,16/4/2022,15*97,98,66669,Watford,Away,2
662,Brentford,23/4/2022,-1,96,66673,Tottenham Hotspur,Home,0
687,Brentford,2/5/2022,-1,94,66685,Manchester United,Away,0
702,Brentford,7/5/2022,13*14*82,97,66693,Southampton,Home,3
723,Brentford,15/5/2022,37*67*69,100,66703,Everton,Away,3
742,Brentford,22/5/2022,81,99,66713,Leeds United,Home,1
3,Brighton and Hove Albion,14/8/2021,77*82,99,66343,Burnley,Away,2
24,Brighton and Hove Albion,21/8/2021,10*41,97,66354,Watford,Home,2
42,Brighton and Hove Albion,28/8/2021,-1,100,66363,Everton,Home,0
63,Brighton and Hove Albion,11/9/2021,96,102,66373,Brentford,Away,1
82,Brighton and Hove Albion,19/9/2021,35*53,99,66383,Leicester City,Home,2
107,Brighton and Hove Albion,27/9/2021,98,100,66395,Crystal Palace,Away,1
120,Brighton and Hove Albion,2/10/2021,-1,96,66402,Arsenal,Home,0
155,Brighton and Hove Albion,16/10/2021,-1,98,66419,Norwich City,Away,0
164,Brighton and Hove Albion,23/10/2021,84,99,66424,Manchester City,Home,1
187,Brighton and Hove Albion,30/10/2021,41*68,98,66435,Liverpool,Away,2
204,Brighton and Hove Albion,6/11/2021,24,103,66444,Newcastle United,Home,1
221,Brighton and Hove Albion,20/11/2021,-1,98,66452,Aston Villa,Away,0
244,Brighton and Hove Albion,27/11/2021,-1,97,66464,Leeds United,Home,0
271,Brighton and Hove Albion,1/12/2021,94,102,66477,West Ham United,Away,1
291,Brighton and Hove Albion,4/12/2021,100,103,66487,Southampton,Away,1
324,Brighton and Hove Albion,15/12/2021,-1,108,66504,Wolverhampton Wanderers,Home,0
362,Brighton and Hove Albion,26/12/2021,34*42,98,66523,Brentford,Home,2
385,Brighton and Hove Albion,29/12/2021,96,100,66534,Chelsea,Away,1
409,Brighton and Hove Albion,2/1/2022,3*75*21,99,66546,Everton,Away,3
422,Brighton and Hove Albion,14/1/2022,91,99,66553,Crystal Palace,Home,1
462,Brighton and Hove Albion,18/1/2022,62,96,66573,Chelsea,Home,1
453,Brighton and Hove Albion,23/1/2022,85,98,66568,Leicester City,Away,1
499,Brighton and Hove Albion,12/2/2022,44*85,95,66591,Watford,Away,2
347,Brighton and Hove Albion,15/2/2022,-1,99,66515,Manchester United,Away,0
504,Brighton and Hove Albion,19/2/2022,-1,98,66594,Burnley,Home,0
524,Brighton and Hove Albion,26/2/2022,-1,97,66604,Aston Villa,Home,0
551,Brighton and Hove Albion,5/3/2022,59,99,66617,Newcastle United,Away,1
564,Brighton and Hove Albion,12/3/2022,-1,99,66624,Liverpool,Home,0
304,Brighton and Hove Albion,16/3/2022,-1,98,66494,Tottenham Hotspur,Home,0
600,Brighton and Hove Albion,2/4/2022,-1,98,66642,Norwich City,Home,0
621,Brighton and Hove Albion,9/4/2022,28*72,103,66652,Arsenal,Away,2
653,Brighton and Hove Albion,16/4/2022,94,100,66668,Tottenham Hotspur,Away,1
589,Brighton and Hove Albion,20/4/2022,-1,97,66636,Manchester City,Away,0
664,Brighton and Hove Albion,24/4/2022,2*44,101,66674,Southampton,Home,2
699,Brighton and Hove Albion,30/4/2022,42*74*90,98,66691,Wolverhampton Wanderers,Away,3
704,Brighton and Hove Albion,7/5/2022,15*52*63*60,96,66694,Manchester United,Home,4
725,Brighton and Hove Albion,15/5/2022,21,101,66704,Leeds United,Away,1
744,Brighton and Hove Albion,22/5/2022,53*83*95,97,66714,West Ham United,Home,3
2,Burnley,14/8/2021,2,99,66343,Brighton and Hove Albion,Home,1
31,Burnley,21/8/2021,-1,98,66357,Liverpool,Away,0
44,Burnley,29/8/2021,64,97,66364,Leeds United,Home,1
69,Burnley,13/9/2021,55,96,66376,Everton,Away,1
84,Burnley,18/9/2021,-1,98,66384,Arsenal,Home,0
113,Burnley,25/9/2021,12*40,100,66398,Leicester City,Away,2
122,Burnley,2/10/2021,-1,99,66403,Norwich City,Home,0
151,Burnley,16/10/2021,-1,99,66417,Manchester City,Away,0
177,Burnley,23/10/2021,13*60,98,66430,Southampton,Away,2
182,Burnley,30/10/2021,4*32*36,96,66433,Brentford,Home,3
207,Burnley,6/11/2021,82,98,66445,Chelsea,Away,1
222,Burnley,20/11/2021,19*27*52,97,66453,Crystal Palace,Home,3
273,Burnley,1/12/2021,-1,97,66478,Wolverhampton Wanderers,Away,0
289,Burnley,4/12/2021,-1,100,66486,Newcastle United,Away,0
306,Burnley,12/12/2021,-1,98,66495,West Ham United,Home,0
395,Burnley,30/12/2021,38,97,66539,Manchester United,Away,1
411,Burnley,2/1/2022,57,99,66547,Leeds United,Away,1
441,Burnley,23/1/2022,-1,97,66562,Arsenal,Away,0
326,Burnley,5/2/2022,-1,95,66505,Watford,Home,0
464,Burnley,8/2/2022,50,98,66574,Manchester United,Home,1
482,Burnley,13/2/2022,-1,97,66583,Liverpool,Home,0
505,Burnley,19/2/2022,21*40*72,98,66594,Brighton and Hove Albion,Away,3
246,Burnley,23/2/2022,73,96,66465,Tottenham Hotspur,Home,1
529,Burnley,26/2/2022,48,98,66606,Crystal Palace,Away,1
424,Burnley,1/3/2022,-1,97,66554,Leicester City,Home,0
542,Burnley,5/3/2022,-1,94,66613,Chelsea,Home,0
563,Burnley,12/3/2022,-1,97,66623,Brentford,Away,0
602,Burnley,2/4/2022,-1,95,66643,Manchester City,Home,0
364,Burnley,6/4/2022,12*61*89,99,66524,Everton,Home,3
635,Burnley,10/4/2022,-1,99,66659,Norwich City,Away,0
657,Burnley,17/4/2022,33,104,66670,West Ham United,Away,1
582,Burnley,21/4/2022,12*44,99,66633,Southampton,Home,2
666,Burnley,24/4/2022,64,97,66675,Wolverhampton Wanderers,Home,1
695,Burnley,30/4/2022,85*88,96,66689,Watford,Away,2
706,Burnley,7/5/2022,93,95,66695,Aston Villa,Home,1
733,Burnley,15/5/2022,-1,104,66708,Tottenham Hotspur,Away,0
341,Burnley,19/5/2022,45,99,66512,Aston Villa,Away,1
746,Burnley,22/5/2022,75,101,66715,Newcastle United,Home,1
4,Chelsea,14/8/2021,27*40*60,95,66344,Crystal Palace,Home,3
21,Chelsea,22/8/2021,15*35,97,66352,Arsenal,Away,2
47,Chelsea,28/8/2021,22,101,66365,Liverpool,Away,1
64,Chelsea,11/9/2021,15*52*96,99,66374,Aston Villa,Home,3
95,Chelsea,19/9/2021,51*59*94,97,66389,Tottenham Hotspur,Away,3
104,Chelsea,25/9/2021,-1,99,66394,Manchester City,Home,0
124,Chelsea,2/10/2021,9*88*93,100,66404,Southampton,Home,3
145,Chelsea,16/10/2021,45,100,66414,Brentford,Away,1
166,Chelsea,23/10/2021,8*87*93*18*42*59*64,96,66425,Norwich City,Home,7
191,Chelsea,30/10/2021,69*85*81,98,66437,Newcastle United,Away,3
206,Chelsea,6/11/2021,33,98,66445,Burnley,Home,1
225,Chelsea,20/11/2021,14*28*74,97,66454,Leicester City,Away,3
248,Chelsea,28/11/2021,70,99,66466,Manchester United,Home,1
269,Chelsea,1/12/2021,30*80,105,66476,Watford,Away,2
297,Chelsea,4/12/2021,28*44,100,66490,West Ham United,Away,2
308,Chelsea,11/12/2021,42*61*97,101,66496,Leeds United,Home,3
334,Chelsea,16/12/2021,72,98,66509,Everton,Home,1
359,Chelsea,19/12/2021,-1,98,66521,Wolverhampton Wanderers,Away,0
361,Chelsea,26/12/2021,34*95*58,97,66522,Aston Villa,Away,3
384,Chelsea,29/12/2021,28,100,66534,Brighton and Hove Albion,Home,1
404,Chelsea,2/1/2022,42*46,100,66544,Liverpool,Home,2
429,Chelsea,15/1/2022,-1,96,66556,Manchester City,Away,0
463,Chelsea,18/1/2022,28,96,66573,Brighton and Hove Albion,Away,1
444,Chelsea,23/1/2022,50*58,99,66564,Tottenham Hotspur,Home,2
507,Chelsea,19/2/2022,93,99,66595,Crystal Palace,Away,1
543,Chelsea,5/3/2022,49*55*57*71,94,66613,Burnley,Away,4
593,Chelsea,10/3/2022,3*14*92,96,66638,Norwich City,Away,3
566,Chelsea,13/3/2022,91,97,66625,Newcastle United,Home,1
604,Chelsea,2/4/2022,51,99,66644,Brentford,Home,1
637,Chelsea,9/4/2022,8*16*56*22*51*31,95,66660,Southampton,Away,6
484,Chelsea,20/4/2022,17*32,98,66584,Arsenal,Home,2
668,Chelsea,24/4/2022,93,98,66676,West Ham United,Home,1
727,Chelsea,28/4/2022,61,95,66705,Manchester United,Away,1
683,Chelsea,1/5/2022,-1,102,66683,Everton,Away,0
708,Chelsea,7/5/2022,60*62,103,66696,Wolverhampton Wanderers,Home,2
645,Chelsea,11/5/2022,4*61*89,100,66664,Leeds United,Away,3
526,Chelsea,19/5/2022,35,96,66605,Leicester City,Home,1
748,Chelsea,22/5/2022,11*92,95,66716,Watford,Home,2
5,Crystal Palace,14/8/2021,-1,95,66344,Chelsea,Away,0
26,Crystal Palace,21/8/2021,-1,99,66355,Brentford,Home,0
57,Crystal Palace,28/8/2021,61*73,98,66370,West Ham United,Away,2
66,Crystal Palace,11/9/2021,78*86*95,96,66375,Tottenham Hotspur,Home,3
87,Crystal Palace,18/9/2021,-1,95,66385,Liverpool,Away,0
106,Crystal Palace,27/9/2021,47,100,66395,Brighton and Hove Albion,Home,1
126,Crystal Palace,3/10/2021,64*75,99,66405,Leicester City,Home,2
141,Crystal Palace,18/10/2021,54*77,100,66412,Arsenal,Away,2
168,Crystal Palace,23/10/2021,59,98,66426,Newcastle United,Home,1
189,Crystal Palace,30/10/2021,6*94,102,66436,Manchester City,Away,2
208,Crystal Palace,6/11/2021,64*81,101,66446,Wolverhampton Wanderers,Home,2
223,Crystal Palace,20/11/2021,8*36*41,97,66453,Burnley,Away,3
250,Crystal Palace,27/11/2021,99,101,66467,Aston Villa,Home,1
265,Crystal Palace,30/11/2021,-1,100,66474,Leeds United,Away,0
287,Crystal Palace,5/12/2021,-1,98,66485,Manchester United,Away,0
310,Crystal Palace,12/12/2021,41*96*65,99,66497,Everton,Home,3
328,Crystal Palace,15/12/2021,2*68,100,66506,Southampton,Home,2
375,Crystal Palace,26/12/2021,-1,96,66529,Tottenham Hotspur,Away,0
386,Crystal Palace,28/12/2021,8*38*42,100,66535,Norwich City,Home,3
406,Crystal Palace,1/1/2022,89*96,101,66545,West Ham United,Home,2
423,Crystal Palace,14/1/2022,73,99,66553,Brighton and Hove Albion,Away,1
446,Crystal Palace,23/1/2022,57,99,66565,Liverpool,Home,1
467,Crystal Palace,9/2/2022,63,96,66575,Norwich City,Away,1
481,Crystal Palace,12/2/2022,-1,97,66582,Brentford,Away,0
506,Crystal Palace,19/2/2022,-1,99,66595,Chelsea,Home,0
355,Crystal Palace,23/2/2022,15*42*89*94,98,66519,Watford,Away,4
528,Crystal Palace,26/2/2022,9,98,66606,Burnley,Home,1
559,Crystal Palace,5/3/2022,19*34,99,66621,Wolverhampton Wanderers,Away,2
568,Crystal Palace,14/3/2022,-1,99,66626,Manchester City,Home,0
606,Crystal Palace,4/4/2022,16*24*76,96,66645,Arsenal,Home,3
629,Crystal Palace,10/4/2022,69,97,66656,Leicester City,Away,1
591,Crystal Palace,20/4/2022,-1,98,66637,Newcastle United,Away,0
670,Crystal Palace,25/4/2022,-1,95,66677,Leeds United,Home,0
691,Crystal Palace,30/4/2022,64*96,99,66687,Southampton,Away,2
710,Crystal Palace,7/5/2022,31,100,66697,Watford,Home,1
721,Crystal Palace,15/5/2022,83,98,66702,Aston Villa,Away,1
643,Crystal Palace,19/5/2022,21*36,103,66663,Everton,Away,2
750,Crystal Palace,22/5/2022,37,99,66717,Manchester United,Home,1
6,Everton,14/8/2021,49*78*83,96,66345,Southampton,Home,3
29,Everton,21/8/2021,30*56,101,66356,Leeds United,Away,2
43,Everton,28/8/2021,41*62,100,66363,Brighton and Hove Albion,Away,2
68,Everton,13/9/2021,62*67*68,96,66376,Burnley,Home,3
81,Everton,18/9/2021,-1,97,66382,Aston Villa,Away,0
108,Everton,25/9/2021,29*79,98,66396,Norwich City,Home,2
133,Everton,2/10/2021,67,97,66408,Manchester United,Away,1
146,Everton,17/10/2021,-1,98,66415,West Ham United,Home,0
170,Everton,23/10/2021,3*68,100,66427,Watford,Home,2
199,Everton,1/11/2021,69,99,66441,Wolverhampton Wanderers,Away,1
210,Everton,7/11/2021,-1,99,66447,Tottenham Hotspur,Home,0
229,Everton,21/11/2021,-1,97,66456,Manchester City,Away,0
243,Everton,28/11/2021,-1,99,66463,Brentford,Away,0
262,Everton,1/12/2021,38,98,66473,Liverpool,Home,1
282,Everton,6/12/2021,84*96,102,66483,Arsenal,Home,2
311,Everton,12/12/2021,73,99,66497,Crystal Palace,Away,1
335,Everton,16/12/2021,76,98,66509,Chelsea,Away,1
408,Everton,2/1/2022,57*80,99,66546,Brighton and Hove Albion,Home,2
433,Everton,15/1/2022,62,102,66558,Norwich City,Away,1
448,Everton,22/1/2022,-1,101,66566,Aston Villa,Home,0
477,Everton,8/2/2022,36,99,66580,Newcastle United,Away,1
486,Everton,12/2/2022,10*23*81,98,66585,Leeds United,Home,3
515,Everton,19/2/2022,-1,97,66599,Southampton,Away,0
530,Everton,26/2/2022,-1,102,66607,Manchester City,Home,0
555,Everton,7/3/2022,-1,98,66619,Tottenham Hotspur,Away,0
570,Everton,13/3/2022,-1,99,66627,Wolverhampton Wanderers,Home,0
388,Everton,17/3/2022,101,110,66536,Newcastle United,Home,1
617,Everton,3/4/2022,56,98,66650,West Ham United,Away,1
365,Everton,6/4/2022,18*41,99,66524,Burnley,Away,2
626,Everton,9/4/2022,27,98,66655,Manchester United,Home,1
342,Everton,20/4/2022,93,97,66513,Leicester City,Home,1
675,Everton,24/4/2022,-1,99,66679,Liverpool,Away,0
682,Everton,1/5/2022,49,102,66683,Chelsea,Home,1
713,Everton,8/5/2022,6*30,98,66698,Leicester City,Away,2
597,Everton,11/5/2022,-1,95,66640,Watford,Away,0
722,Everton,15/5/2022,10*47,100,66703,Brentford,Home,2
642,Everton,19/5/2022,59*80*90,103,66663,Crystal Palace,Home,3
741,Everton,22/5/2022,48,98,66712,Arsenal,Away,1
11,Leeds United,14/8/2021,51,96,66347,Manchester United,Away,1
28,Leeds United,21/8/2021,41*78,101,66356,Everton,Home,2
45,Leeds United,29/8/2021,89,97,66364,Burnley,Away,1
70,Leeds United,12/9/2021,-1,102,66377,Liverpool,Home,0
91,Leeds United,17/9/2021,13,100,66387,Newcastle United,Away,1
110,Leeds United,25/9/2021,19,103,66397,West Ham United,Home,1
128,Leeds United,2/10/2021,18,98,66406,Watford,Home,1
157,Leeds United,16/10/2021,-1,97,66420,Southampton,Away,0
172,Leeds United,23/10/2021,96,99,66428,Wolverhampton Wanderers,Home,1
193,Leeds United,31/10/2021,58*62,98,66438,Norwich City,Away,2
212,Leeds United,7/11/2021,26,97,66448,Leicester City,Home,1
235,Leeds United,21/11/2021,44,97,66459,Tottenham Hotspur,Away,1
245,Leeds United,27/11/2021,-1,97,66464,Brighton and Hove Albion,Away,0
264,Leeds United,30/11/2021,97,100,66474,Crystal Palace,Home,1
284,Leeds United,5/12/2021,27*99,100,66484,Brentford,Home,2
309,Leeds United,11/12/2021,28*86,101,66496,Chelsea,Away,2
339,Leeds United,14/12/2021,-1,98,66511,Manchester City,Away,0
344,Leeds United,18/12/2021,79,97,66514,Arsenal,Home,1
410,Leeds United,2/1/2022,39*80*95,99,66547,Burnley,Home,3
437,Leeds United,16/1/2022,10*37*65,100,66560,West Ham United,Away,3
450,Leeds United,22/1/2022,-1,102,66567,Newcastle United,Home,0
461,Leeds United,9/2/2022,9*47*67,103,66572,Aston Villa,Away,3
487,Leeds United,12/2/2022,-1,98,66585,Everton,Away,0
508,Leeds United,20/2/2022,60*61,103,66596,Manchester United,Home,2
367,Leeds United,23/2/2022,-1,98,66525,Liverpool,Away,0
532,Leeds United,26/2/2022,-1,96,66608,Tottenham Hotspur,Home,0
545,Leeds United,5/3/2022,-1,96,66614,Leicester City,Away,0
390,Leeds United,10/3/2022,-1,98,66537,Aston Villa,Home,0
572,Leeds United,13/3/2022,14*97,101,66628,Norwich City,Home,2
599,Leeds United,18/3/2022,75*78*103,112,66641,Wolverhampton Wanderers,Away,3
608,Leeds United,2/4/2022,29,98,66646,Southampton,Home,1
639,Leeds United,9/4/2022,21*76*88,96,66661,Watford,Away,3
671,Leeds United,25/4/2022,-1,95,66677,Crystal Palace,Away,0
684,Leeds United,30/4/2022,-1,102,66684,Manchester City,Home,0
701,Leeds United,8/5/2022,71,99,66692,Arsenal,Away,1
644,Leeds United,11/5/2022,-1,100,66664,Chelsea,Home,0
724,Leeds United,15/5/2022,95,101,66704,Brighton and Hove Albion,Home,1
743,Leeds United,22/5/2022,59*97,99,66713,Brentford,Away,2
8,Leicester City,14/8/2021,41,97,66346,Wolverhampton Wanderers,Home,1
37,Leicester City,23/8/2021,74,98,66360,West Ham United,Away,1
53,Leicester City,28/8/2021,8*82,102,66368,Norwich City,Away,2
72,Leicester City,11/9/2021,-1,97,66378,Manchester City,Home,0
83,Leicester City,19/9/2021,64,99,66383,Brighton and Hove Albion,Away,1
112,Leicester City,25/9/2021,37*90,100,66398,Burnley,Home,2
127,Leicester City,3/10/2021,31*37,99,66405,Crystal Palace,Away,2
148,Leicester City,16/10/2021,31*82*87*95,100,66416,Manchester United,Home,4
163,Leicester City,24/10/2021,14*77,101,66423,Brentford,Away,2
184,Leicester City,30/10/2021,-1,99,66434,Arsenal,Home,0
213,Leicester City,7/11/2021,28,97,66448,Leeds United,Away,1
224,Leicester City,20/11/2021,-1,97,66454,Chelsea,Home,0
252,Leicester City,28/11/2021,16*34*42*70,100,66468,Watford,Home,4
277,Leicester City,1/12/2021,22*51,98,66480,Southampton,Away,2
281,Leicester City,5/12/2021,14,99,66482,Aston Villa,Away,1
312,Leicester City,12/12/2021,38*84*60*88,97,66498,Newcastle United,Home,4
369,Leicester City,26/12/2021,57*61*67,96,66526,Manchester City,Away,3
392,Leicester City,28/12/2021,61,98,66538,Liverpool,Home,1
330,Leicester City,19/1/2022,24*79,101,66507,Tottenham Hotspur,Home,2
452,Leicester City,23/1/2022,49,98,66568,Brighton and Hove Albion,Home,1
473,Leicester City,10/2/2022,-1,97,66578,Liverpool,Away,0
488,Leicester City,13/2/2022,45*61,99,66586,West Ham United,Home,2
519,Leicester City,20/2/2022,41,98,66601,Wolverhampton Wanderers,Away,1
425,Leicester City,1/3/2022,85*93,97,66554,Burnley,Away,2
544,Leicester City,5/3/2022,68,96,66614,Leeds United,Home,1
561,Leicester City,13/3/2022,-1,98,66622,Arsenal,Away,0
584,Leicester City,20/3/2022,20*33,97,66634,Brentford,Home,2
613,Leicester City,2/4/2022,67,101,66648,Manchester United,Away,1
628,Leicester City,10/4/2022,39*45,97,66656,Crystal Palace,Home,2
649,Leicester City,17/4/2022,19,103,66666,Newcastle United,Away,1
343,Leicester City,20/4/2022,5,97,66513,Everton,Away,1
672,Leicester City,23/4/2022,-1,100,66678,Aston Villa,Home,0
693,Leicester City,1/5/2022,93,96,66688,Tottenham Hotspur,Away,1
712,Leicester City,8/5/2022,11,98,66698,Everton,Home,1
412,Leicester City,11/5/2022,57*65*73,95,66548,Norwich City,Home,3
735,Leicester City,15/5/2022,18*22*75*51*91,98,66709,Watford,Away,5
527,Leicester City,19/5/2022,6,96,66605,Chelsea,Away,1
752,Leicester City,22/5/2022,50*75*82*97,98,66718,Southampton,Home,4
15,Liverpool,14/8/2021,26*67*76,94,66349,Norwich City,Away,3
30,Liverpool,21/8/2021,18*72,98,66357,Burnley,Home,2
46,Liverpool,28/8/2021,50,101,66365,Chelsea,Home,1
71,Liverpool,12/9/2021,20*53*95,102,66377,Leeds United,Away,3
86,Liverpool,18/9/2021,43*80*91,95,66385,Crystal Palace,Home,3
103,Liverpool,25/9/2021,31*57*70,99,66393,Brentford,Away,3
130,Liverpool,3/10/2021,61*78,97,66407,Manchester City,Home,2
159,Liverpool,16/10/2021,8*37*54*93*56,94,66421,Watford,Away,5
175,Liverpool,24/10/2021,5*13*38*50*56,100,66429,Manchester United,Away,5
186,Liverpool,30/10/2021,4*24,98,66435,Brighton and Hove Albion,Home,2
219,Liverpool,7/11/2021,41*91,103,66451,West Ham United,Away,2
226,Liverpool,20/11/2021,39*53*74*78,95,66455,Arsenal,Home,4
254,Liverpool,27/11/2021,2*32*37*54,95,66469,Southampton,Home,4
263,Liverpool,1/12/2021,9*19*68*83,98,66473,Everton,Away,4
299,Liverpool,4/12/2021,98,101,66491,Wolverhampton Wanderers,Away,1
314,Liverpool,11/12/2021,71,99,66499,Aston Villa,Home,1
336,Liverpool,16/12/2021,21*25*90,98,66510,Newcastle United,Home,3
353,Liverpool,19/12/2021,35*73,101,66518,Tottenham Hotspur,Away,2
393,Liverpool,28/12/2021,-1,98,66538,Leicester City,Away,0
405,Liverpool,2/1/2022,9*26,100,66544,Chelsea,Away,2
426,Liverpool,16/1/2022,44*71*79,95,66555,Brentford,Home,3
447,Liverpool,23/1/2022,8*32*91,99,66565,Crystal Palace,Away,3
472,Liverpool,10/2/2022,34*90,97,66578,Leicester City,Home,2
483,Liverpool,13/2/2022,40,97,66583,Burnley,Away,1
510,Liverpool,19/2/2022,66*69*83,96,66597,Norwich City,Home,3
366,Liverpool,23/2/2022,15*35*30*83*93*96,98,66525,Leeds United,Home,6
546,Liverpool,5/3/2022,27,98,66615,West Ham United,Home,1
565,Liverpool,12/3/2022,19*64,99,66624,Brighton and Hove Albion,Away,2
521,Liverpool,16/3/2022,55*63,95,66602,Arsenal,Away,2
610,Liverpool,2/4/2022,22*92,97,66647,Watford,Home,2
631,Liverpool,10/4/2022,13*49,97,66657,Manchester City,Away,2
586,Liverpool,19/4/2022,5*22*87*70,96,66635,Manchester United,Home,4
674,Liverpool,24/4/2022,67*90,99,66679,Everton,Home,2
689,Liverpool,30/4/2022,19,98,66686,Newcastle United,Away,1
714,Liverpool,7/5/2022,76,98,66699,Tottenham Hotspur,Home,1
641,Liverpool,10/5/2022,6*69,100,66662,Aston Villa,Away,2
731,Liverpool,17/5/2022,27*71,98,66707,Southampton,Away,2
754,Liverpool,22/5/2022,24*90*95,100,66719,Wolverhampton Wanderers,Home,3
17,Manchester City,15/8/2021,-1,98,66350,Tottenham Hotspur,Away,0
32,Manchester City,21/8/2021,7*22*66*73*86,95,66358,Norwich City,Home,5
48,Manchester City,28/8/2021,7*12*88*43*57,98,66366,Arsenal,Home,5
73,Manchester City,11/9/2021,65,97,66378,Leicester City,Away,1
88,Manchester City,18/9/2021,-1,101,66386,Southampton,Home,0
105,Manchester City,25/9/2021,56,99,66394,Chelsea,Away,1
131,Manchester City,3/10/2021,71*83,97,66407,Liverpool,Away,2
150,Manchester City,16/10/2021,12*75,99,66417,Burnley,Home,2
165,Manchester City,23/10/2021,13*28*31*98,99,66424,Brighton and Hove Albion,Away,4
188,Manchester City,30/10/2021,-1,102,66436,Crystal Palace,Home,0
215,Manchester City,6/11/2021,7*45,97,66449,Manchester United,Away,2
228,Manchester City,21/11/2021,44*59*90,97,66456,Everton,Home,3
256,Manchester City,28/11/2021,33*91,96,66470,West Ham United,Home,2
261,Manchester City,1/12/2021,27*43,98,66472,Aston Villa,Away,2
295,Manchester City,4/12/2021,4*31*66,98,66489,Watford,Away,3
316,Manchester City,11/12/2021,74,103,66500,Wolverhampton Wanderers,Home,1
338,Manchester City,14/12/2021,8*13*32*66*53*82*78,98,66511,Leeds United,Home,7
349,Manchester City,19/12/2021,5*27*66*88,95,66516,Newcastle United,Away,4
368,Manchester City,26/12/2021,5*14*21*25*89*71,96,66526,Leicester City,Home,6
383,Manchester City,29/12/2021,16,97,66533,Brentford,Away,1
401,Manchester City,1/1/2022,60*96,101,66542,Arsenal,Away,2
428,Manchester City,15/1/2022,72,96,66556,Chelsea,Home,1
457,Manchester City,22/1/2022,68,100,66570,Southampton,Away,1
474,Manchester City,9/2/2022,40*72,97,66579,Brentford,Home,2
495,Manchester City,12/2/2022,31*72*92*50,96,66589,Norwich City,Away,4
512,Manchester City,19/2/2022,33*95,103,66598,Tottenham Hotspur,Home,2
531,Manchester City,26/2/2022,85,102,66607,Everton,Away,1
548,Manchester City,6/3/2022,5*28*72*95,99,66616,Manchester United,Home,4
569,Manchester City,14/3/2022,-1,99,66626,Crystal Palace,Away,0
603,Manchester City,2/4/2022,5*25,95,66643,Burnley,Away,2
630,Manchester City,10/4/2022,5*37,97,66657,Liverpool,Home,2
588,Manchester City,20/4/2022,56*68*85,97,66636,Brighton and Hove Albion,Home,3
676,Manchester City,23/4/2022,4*23*52*56*34,96,66680,Watford,Home,5
685,Manchester City,30/4/2022,13*62*86*101,102,66684,Leeds United,Away,4
716,Manchester City,8/5/2022,19*96*38*64*93,97,66700,Newcastle United,Home,5
659,Manchester City,11/5/2022,7*16*24*63*87,97,66671,Wolverhampton Wanderers,Away,5
737,Manchester City,15/5/2022,51*71,98,66710,West Ham United,Away,2
756,Manchester City,22/5/2022,80*85*82,99,66720,Aston Villa,Home,3
10,Manchester United,14/8/2021,30*56*62*54*70,96,66347,Leeds United,Home,5
35,Manchester United,22/8/2021,58,100,66359,Southampton,Away,1
59,Manchester United,29/8/2021,82,99,66371,Wolverhampton Wanderers,Away,1
74,Manchester United,11/9/2021,47*66*84*96,97,66379,Newcastle United,Home,4
97,Manchester United,19/9/2021,35*92,99,66390,West Ham United,Away,2
114,Manchester United,25/9/2021,-1,101,66399,Aston Villa,Home,0
132,Manchester United,2/10/2021,43,97,66408,Everton,Home,1
149,Manchester United,16/10/2021,19*86,100,66416,Leicester City,Away,2
174,Manchester United,24/10/2021,-1,100,66429,Liverpool,Home,0
195,Manchester United,30/10/2021,39*66*88,96,66439,Tottenham Hotspur,Away,3
214,Manchester United,6/11/2021,-1,97,66449,Manchester City,Home,0
237,Manchester United,20/11/2021,54,101,66460,Watford,Away,1
249,Manchester United,28/11/2021,51,99,66466,Chelsea,Away,1
266,Manchester United,2/12/2021,44*57*75,101,66475,Arsenal,Home,3
286,Manchester United,5/12/2021,79,98,66485,Crystal Palace,Home,1
319,Manchester United,11/12/2021,77,98,66501,Norwich City,Away,1
371,Manchester United,27/12/2021,77,103,66527,Newcastle United,Away,1
394,Manchester United,30/12/2021,8*27*35,97,66539,Burnley,Home,3
414,Manchester United,3/1/2022,-1,99,66549,Wolverhampton Wanderers,Home,0
421,Manchester United,15/1/2022,6*72,102,66552,Aston Villa,Away,2
323,Manchester United,19/1/2022,58*65*80,98,66503,Brentford,Away,3
454,Manchester United,22/1/2022,94,96,66569,West Ham United,Home,1
465,Manchester United,8/2/2022,18,98,66574,Burnley,Away,1
490,Manchester United,12/2/2022,21,99,66587,Southampton,Home,1
346,Manchester United,15/2/2022,52*98,99,66515,Brighton and Hove Albion,Home,2
509,Manchester United,20/2/2022,34*50*77*95,103,66596,Leeds United,Away,4
534,Manchester United,26/2/2022,-1,94,66609,Watford,Home,0
549,Manchester United,6/3/2022,22,99,66616,Manchester City,Away,1
574,Manchester United,12/3/2022,12*38*84,98,66629,Tottenham Hotspur,Home,3
612,Manchester United,2/4/2022,70,101,66648,Leicester City,Home,1
627,Manchester United,9/4/2022,-1,98,66655,Everton,Away,0
646,Manchester United,16/4/2022,7*32*80,100,66665,Norwich City,Home,3
587,Manchester United,19/4/2022,-1,96,66635,Liverpool,Away,0
661,Manchester United,23/4/2022,34,101,66672,Arsenal,Away,1
726,Manchester United,28/4/2022,63,95,66705,Chelsea,Home,1
686,Manchester United,2/5/2022,9*63*74,94,66685,Brentford,Home,3
705,Manchester United,7/5/2022,-1,96,66694,Brighton and Hove Albion,Away,0
751,Manchester United,22/5/2022,-1,99,66717,Crystal Palace,Away,0
12,Newcastle United,15/8/2021,5*40,98,66348,West Ham United,Home,2
23,Newcastle United,21/8/2021,-1,102,66353,Aston Villa,Away,0
50,Newcastle United,28/8/2021,57*93,100,66367,Southampton,Home,2
75,Newcastle United,11/9/2021,60,97,66379,Manchester United,Away,1
90,Newcastle United,17/9/2021,44,100,66387,Leeds United,Home,1
119,Newcastle United,25/9/2021,23,102,66401,Watford,Away,1
139,Newcastle United,2/10/2021,41,99,66411,Wolverhampton Wanderers,Away,1
152,Newcastle United,17/10/2021,2*98,104,66418,Tottenham Hotspur,Home,2
169,Newcastle United,23/10/2021,68,98,66426,Crystal Palace,Away,1
190,Newcastle United,30/10/2021,-1,98,66437,Chelsea,Home,0
205,Newcastle United,6/11/2021,70,103,66444,Brighton and Hove Albion,Away,1
230,Newcastle United,20/11/2021,10*39*78,98,66457,Brentford,Home,3
241,Newcastle United,27/11/2021,-1,100,66462,Arsenal,Away,0
274,Newcastle United,30/11/2021,63,99,66479,Norwich City,Home,1
288,Newcastle United,4/12/2021,40,100,66486,Burnley,Home,1
313,Newcastle United,12/12/2021,-1,97,66498,Leicester City,Away,0
337,Newcastle United,16/12/2021,7,98,66510,Liverpool,Away,1
348,Newcastle United,19/12/2021,-1,95,66516,Manchester City,Home,0
370,Newcastle United,27/12/2021,7,103,66527,Manchester United,Home,1
430,Newcastle United,15/1/2022,52,98,66557,Watford,Home,1
451,Newcastle United,22/1/2022,81,102,66567,Leeds United,Away,1
476,Newcastle United,8/2/2022,37*60*84,99,66580,Everton,Home,3
492,Newcastle United,13/2/2022,35,105,66588,Aston Villa,Home,1
517,Newcastle United,19/2/2022,46,99,66600,West Ham United,Away,1
523,Newcastle United,26/2/2022,33*44,100,66603,Brentford,Away,2
550,Newcastle United,5/3/2022,12*14,99,66617,Brighton and Hove Albion,Home,2
417,Newcastle United,10/3/2022,32*55,101,66550,Southampton,Away,2
567,Newcastle United,13/3/2022,-1,97,66625,Chelsea,Away,0
389,Newcastle United,17/3/2022,-1,110,66536,Everton,Away,0
615,Newcastle United,3/4/2022,39,98,66649,Tottenham Hotspur,Away,1
632,Newcastle United,8/4/2022,76,100,66658,Wolverhampton Wanderers,Home,1
648,Newcastle United,17/4/2022,30*101,103,66666,Leicester City,Home,2
590,Newcastle United,20/4/2022,32,98,66637,Crystal Palace,Home,1
679,Newcastle United,23/4/2022,35*41*52,97,66681,Norwich City,Away,3
688,Newcastle United,30/4/2022,-1,98,66686,Liverpool,Home,0
717,Newcastle United,8/5/2022,-1,97,66700,Manchester City,Away,0
728,Newcastle United,16/5/2022,56*86,98,66706,Arsenal,Home,2
747,Newcastle United,22/5/2022,20*66,101,66715,Burnley,Away,2
14,Norwich City,14/8/2021,-1,94,66349,Liverpool,Home,0
33,Norwich City,21/8/2021,-1,95,66358,Manchester City,Away,0
52,Norwich City,28/8/2021,44,102,66368,Leicester City,Home,1
61,Norwich City,11/9/2021,-1,96,66372,Arsenal,Away,0
92,Norwich City,18/9/2021,35,98,66388,Watford,Home,1
109,Norwich City,25/9/2021,-1,98,66396,Everton,Away,0
123,Norwich City,2/10/2021,-1,99,66403,Burnley,Away,0
154,Norwich City,16/10/2021,-1,98,66419,Brighton and Hove Albion,Home,0
167,Norwich City,23/10/2021,-1,96,66425,Chelsea,Away,0
192,Norwich City,31/10/2021,60,98,66438,Leeds United,Home,1
203,Norwich City,6/11/2021,6*29,101,66443,Brentford,Away,2
232,Norwich City,20/11/2021,7*81,97,66458,Southampton,Home,2
258,Norwich City,27/11/2021,-1,97,66471,Wolverhampton Wanderers,Home,0
275,Norwich City,30/11/2021,81,99,66479,Newcastle United,Away,1
293,Norwich City,5/12/2021,-1,99,66488,Tottenham Hotspur,Away,0
318,Norwich City,11/12/2021,-1,98,66501,Manchester United,Home,0
332,Norwich City,14/12/2021,-1,100,66508,Aston Villa,Home,0
372,Norwich City,26/12/2021,-1,96,66528,Arsenal,Home,0
387,Norwich City,28/12/2021,-1,100,66535,Crystal Palace,Away,0
357,Norwich City,12/1/2022,-1,98,66520,West Ham United,Away,0
432,Norwich City,15/1/2022,16*18,102,66558,Everton,Home,2
459,Norwich City,21/1/2022,54*77*95,108,66571,Watford,Away,3
466,Norwich City,9/2/2022,1,96,66575,Crystal Palace,Home,1
494,Norwich City,12/2/2022,-1,96,66589,Manchester City,Home,0
511,Norwich City,19/2/2022,50,96,66597,Liverpool,Away,1
537,Norwich City,25/2/2022,-1,96,66610,Southampton,Away,0
552,Norwich City,5/3/2022,95,102,66618,Brentford,Home,1
592,Norwich City,10/3/2022,71,96,66638,Chelsea,Home,1
573,Norwich City,13/3/2022,94,101,66628,Leeds United,Away,1
601,Norwich City,2/4/2022,-1,98,66642,Brighton and Hove Albion,Away,0
634,Norwich City,10/4/2022,9*89,99,66659,Burnley,Home,2
647,Norwich City,16/4/2022,46*56,100,66665,Manchester United,Away,2
678,Norwich City,23/4/2022,-1,97,66681,Newcastle United,Home,0
681,Norwich City,30/4/2022,-1,101,66682,Aston Villa,Away,0
718,Norwich City,8/5/2022,-1,98,66701,West Ham United,Home,0
413,Norwich City,11/5/2022,-1,95,66548,Leicester City,Away,0
739,Norwich City,15/5/2022,37,97,66711,Wolverhampton Wanderers,Away,1
758,Norwich City,22/5/2022,-1,92,66721,Tottenham Hotspur,Home,0
7,Southampton,14/8/2021,22,96,66345,Everton,Away,1
34,Southampton,22/8/2021,30,100,66359,Manchester United,Home,1
51,Southampton,28/8/2021,76*98,100,66367,Newcastle United,Away,2
76,Southampton,11/9/2021,-1,98,66380,West Ham United,Home,0
89,Southampton,18/9/2021,-1,101,66386,Manchester City,Away,0
116,Southampton,26/9/2021,-1,100,66400,Wolverhampton Wanderers,Home,0
125,Southampton,2/10/2021,65,100,66404,Chelsea,Away,1
156,Southampton,16/10/2021,54,97,66420,Leeds United,Home,1
176,Southampton,23/10/2021,41*53,98,66430,Burnley,Home,2
197,Southampton,30/10/2021,20,98,66440,Watford,Away,1
216,Southampton,5/11/2021,3,100,66450,Aston Villa,Home,1
233,Southampton,20/11/2021,4,97,66458,Norwich City,Away,1
255,Southampton,27/11/2021,-1,95,66469,Liverpool,Away,0
276,Southampton,1/12/2021,3*34,98,66480,Leicester City,Home,2
290,Southampton,4/12/2021,29,103,66487,Brighton and Hove Albion,Home,1
301,Southampton,11/12/2021,-1,98,66492,Arsenal,Away,0
329,Southampton,15/12/2021,32*36,100,66506,Crystal Palace,Away,2
377,Southampton,26/12/2021,8*64*73,100,66530,West Ham United,Away,3
396,Southampton,28/12/2021,25,100,66540,Tottenham Hotspur,Home,1
350,Southampton,11/1/2022,5*37*52*73,99,66517,Brentford,Home,4
439,Southampton,15/1/2022,89,102,66561,Wolverhampton Wanderers,Away,1
456,Southampton,22/1/2022,7,100,66570,Manchester City,Home,1
479,Southampton,9/2/2022,23*84*82,99,66581,Tottenham Hotspur,Away,3
491,Southampton,12/2/2022,51,99,66587,Manchester United,Away,1
514,Southampton,19/2/2022,54*86,97,66599,Everton,Home,2
536,Southampton,25/2/2022,36*90,96,66610,Norwich City,Home,2
541,Southampton,5/3/2022,-1,96,66612,Aston Villa,Away,0
416,Southampton,10/3/2022,25,101,66550,Newcastle United,Home,1
576,Southampton,13/3/2022,45,104,66630,Watford,Home,1
609,Southampton,2/4/2022,51,98,66646,Leeds United,Away,1
636,Southampton,9/4/2022,-1,95,66660,Chelsea,Home,0
650,Southampton,16/4/2022,44,99,66667,Arsenal,Home,1
583,Southampton,21/4/2022,-1,99,66633,Burnley,Away,0
665,Southampton,24/4/2022,49*60,101,66674,Brighton and Hove Albion,Away,2
690,Southampton,30/4/2022,9,99,66687,Crystal Palace,Home,1
703,Southampton,7/5/2022,-1,97,66693,Brentford,Away,0
730,Southampton,17/5/2022,13,98,66707,Liverpool,Home,1
753,Southampton,22/5/2022,80,98,66718,Leicester City,Away,1
16,Tottenham Hotspur,15/8/2021,57,98,66350,Manchester City,Home,1
39,Tottenham Hotspur,22/8/2021,10,100,66361,Wolverhampton Wanderers,Away,1
54,Tottenham Hotspur,29/8/2021,42,97,66369,Watford,Home,1
67,Tottenham Hotspur,11/9/2021,-1,96,66375,Crystal Palace,Away,0
94,Tottenham Hotspur,19/9/2021,-1,97,66389,Chelsea,Home,0
101,Tottenham Hotspur,26/9/2021,82,99,66392,Arsenal,Away,1
134,Tottenham Hotspur,3/10/2021,27*73,97,66409,Aston Villa,Home,2
153,Tottenham Hotspur,17/10/2021,17*22*48,104,66418,Newcastle United,Away,3
179,Tottenham Hotspur,24/10/2021,-1,96,66431,West Ham United,Away,0
194,Tottenham Hotspur,30/10/2021,-1,96,66439,Manchester United,Home,0
211,Tottenham Hotspur,7/11/2021,-1,99,66447,Everton,Away,0
234,Tottenham Hotspur,21/11/2021,60*71,97,66459,Leeds United,Home,2
278,Tottenham Hotspur,2/12/2021,12*68,97,66481,Brentford,Home,2
292,Tottenham Hotspur,5/12/2021,10*71*81,99,66488,Norwich City,Home,3
352,Tottenham Hotspur,19/12/2021,13*78,101,66518,Liverpool,Home,2
374,Tottenham Hotspur,26/12/2021,32*34*77,96,66529,Crystal Palace,Home,3
397,Tottenham Hotspur,28/12/2021,41,100,66540,Southampton,Away,1
419,Tottenham Hotspur,1/1/2022,98,104,66551,Watford,Away,1
331,Tottenham Hotspur,19/1/2022,38*98*100,101,66507,Leicester City,Away,3
445,Tottenham Hotspur,23/1/2022,-1,99,66564,Chelsea,Away,0
478,Tottenham Hotspur,9/2/2022,18*72,99,66581,Southampton,Home,2
496,Tottenham Hotspur,13/2/2022,-1,100,66590,Wolverhampton Wanderers,Home,0
513,Tottenham Hotspur,19/2/2022,4*62*98,103,66598,Manchester City,Away,3
247,Tottenham Hotspur,23/2/2022,-1,96,66465,Burnley,Away,0
533,Tottenham Hotspur,26/2/2022,10*15*27*87,96,66608,Leeds United,Away,4
554,Tottenham Hotspur,7/3/2022,14*17*37*59*50,98,66619,Everton,Home,5
575,Tottenham Hotspur,12/3/2022,35*75,98,66629,Manchester United,Away,2
305,Tottenham Hotspur,16/3/2022,37*60,98,66494,Brighton and Hove Albion,Away,2
594,Tottenham Hotspur,20/3/2022,9*24*91,99,66639,West Ham United,Home,3
614,Tottenham Hotspur,3/4/2022,43*52*58*67*87,98,66649,Newcastle United,Home,5
623,Tottenham Hotspur,9/4/2022,3*72*77*56,101,66653,Aston Villa,Away,4
652,Tottenham Hotspur,16/4/2022,-1,100,66668,Brighton and Hove Albion,Home,0
663,Tottenham Hotspur,23/4/2022,-1,96,66673,Brentford,Away,0
692,Tottenham Hotspur,1/5/2022,22*62*81,96,66688,Leicester City,Home,3
715,Tottenham Hotspur,7/5/2022,58,98,66699,Liverpool,Away,1
434,Tottenham Hotspur,12/5/2022,22*37*50,96,66559,Arsenal,Home,3
732,Tottenham Hotspur,15/5/2022,53,104,66708,Burnley,Home,1
759,Tottenham Hotspur,22/5/2022,16*65*32*71*76,92,66721,Norwich City,Away,5
18,Watford,14/8/2021,10*42*70,101,66351,Aston Villa,Home,3
25,Watford,21/8/2021,-1,97,66354,Brighton and Hove Albion,Away,0
55,Watford,29/8/2021,-1,97,66369,Tottenham Hotspur,Away,0
78,Watford,11/9/2021,-1,97,66381,Wolverhampton Wanderers,Home,0
93,Watford,18/9/2021,17*66*83,98,66388,Norwich City,Away,3
118,Watford,25/9/2021,77,102,66401,Newcastle United,Home,1
129,Watford,2/10/2021,-1,98,66406,Leeds United,Away,0
158,Watford,16/10/2021,-1,94,66421,Liverpool,Home,0
171,Watford,23/10/2021,13*85*91*83*96,100,66427,Everton,Away,5
196,Watford,30/10/2021,-1,98,66440,Southampton,Home,0
201,Watford,7/11/2021,-1,102,66442,Arsenal,Away,0
236,Watford,20/11/2021,28*44*96*100,101,66460,Manchester United,Home,4
253,Watford,28/11/2021,30*63,100,66468,Leicester City,Away,2
268,Watford,1/12/2021,44,105,66476,Chelsea,Home,1
294,Watford,4/12/2021,77,98,66489,Manchester City,Home,1
303,Watford,10/12/2021,24,99,66493,Brentford,Away,1
398,Watford,28/12/2021,4,98,66541,West Ham United,Home,1
418,Watford,1/1/2022,-1,104,66551,Tottenham Hotspur,Home,0
431,Watford,15/1/2022,90,98,66557,Newcastle United,Away,1
458,Watford,21/1/2022,-1,108,66571,Norwich City,Home,0
327,Watford,5/2/2022,-1,95,66505,Burnley,Away,0
469,Watford,8/2/2022,-1,95,66576,West Ham United,Away,0
498,Watford,12/2/2022,-1,95,66591,Brighton and Hove Albion,Home,0
503,Watford,19/2/2022,80,102,66593,Aston Villa,Away,1
354,Watford,23/2/2022,18,98,66519,Crystal Palace,Home,1
535,Watford,26/2/2022,-1,94,66609,Manchester United,Away,0
556,Watford,6/3/2022,11*89,99,66620,Arsenal,Home,2
379,Watford,10/3/2022,-1,95,66531,Wolverhampton Wanderers,Away,0
577,Watford,13/3/2022,14*34,104,66630,Southampton,Away,2
611,Watford,2/4/2022,-1,97,66647,Liverpool,Away,0
638,Watford,9/4/2022,-1,96,66661,Leeds United,Home,0
654,Watford,16/4/2022,57,98,66669,Brentford,Home,1
677,Watford,23/4/2022,28,96,66680,Manchester City,Away,1
694,Watford,30/4/2022,8,96,66689,Burnley,Home,1
711,Watford,7/5/2022,-1,100,66697,Crystal Palace,Away,0
596,Watford,11/5/2022,-1,95,66640,Everton,Home,0
734,Watford,15/5/2022,6,98,66709,Leicester City,Home,1
749,Watford,22/5/2022,88,95,66716,Chelsea,Away,1
13,West Ham United,15/8/2021,18*56*69*66,98,66348,Newcastle United,Away,4
36,West Ham United,23/8/2021,26*61*85*89,98,66360,Leicester City,Home,4
56,West Ham United,28/8/2021,39*71,98,66370,Crystal Palace,Home,2
77,West Ham United,11/9/2021,-1,98,66380,Southampton,Away,0
96,West Ham United,19/9/2021,30,99,66390,Manchester United,Home,1
111,West Ham United,25/9/2021,72*95,103,66397,Leeds United,Away,2
136,West Ham United,3/10/2021,86,101,66410,Brentford,Home,1
147,West Ham United,17/10/2021,76,98,66415,Everton,Away,1
178,West Ham United,24/10/2021,74,96,66431,Tottenham Hotspur,Home,1
181,West Ham United,31/10/2021,7*38*83*87,98,66432,Aston Villa,Away,4
218,West Ham United,7/11/2021,4*75*82,103,66451,Liverpool,Home,3
239,West Ham United,20/11/2021,-1,97,66461,Wolverhampton Wanderers,Away,0
257,West Ham United,28/11/2021,95,96,66470,Manchester City,Away,1
270,West Ham United,1/12/2021,5,102,66477,Brighton and Hove Albion,Home,1
296,West Ham United,4/12/2021,40*61*92,100,66490,Chelsea,Home,3
307,West Ham United,12/12/2021,-1,98,66495,Burnley,Away,0
321,West Ham United,15/12/2021,-1,97,66502,Arsenal,Away,0
376,West Ham United,26/12/2021,52*67,100,66530,Southampton,Home,2
399,West Ham United,28/12/2021,27*29*60*94,98,66541,Watford,Away,4
407,West Ham United,1/1/2022,22*25*50,101,66545,Crystal Palace,Away,3
356,West Ham United,12/1/2022,42*87,98,66520,Norwich City,Home,2
436,West Ham United,16/1/2022,33*57,100,66560,Leeds United,Home,2
455,West Ham United,22/1/2022,-1,96,66569,Manchester United,Away,0
468,West Ham United,8/2/2022,69,95,66576,Watford,Home,1
489,West Ham United,13/2/2022,10*95,99,66586,Leicester City,Away,2
516,West Ham United,19/2/2022,32,99,66600,Newcastle United,Home,1
538,West Ham United,27/2/2022,64,99,66611,Wolverhampton Wanderers,Home,1
547,West Ham United,5/3/2022,-1,98,66615,Liverpool,Away,0
578,West Ham United,13/3/2022,77*89,105,66631,Aston Villa,Home,2
595,West Ham United,20/3/2022,35,99,66639,Tottenham Hotspur,Away,1
616,West Ham United,3/4/2022,32*61,98,66650,Everton,Home,2
625,West Ham United,10/4/2022,-1,98,66654,Brentford,Away,0
656,West Ham United,17/4/2022,84,104,66670,Burnley,Home,1
669,West Ham United,24/4/2022,-1,98,66676,Chelsea,Away,0
696,West Ham United,1/5/2022,45,98,66690,Arsenal,Home,1
719,West Ham United,8/5/2022,12*48*30*69,98,66701,Norwich City,Away,4
736,West Ham United,15/5/2022,24*45,98,66710,Manchester City,Home,2
745,West Ham United,22/5/2022,40,97,66714,Brighton and Hove Albion,Away,1
9,Wolverhampton Wanderers,14/8/2021,-1,97,66346,Leicester City,Away,0
38,Wolverhampton Wanderers,22/8/2021,-1,100,66361,Tottenham Hotspur,Home,0
58,Wolverhampton Wanderers,29/8/2021,-1,99,66371,Manchester United,Home,0
79,Wolverhampton Wanderers,11/9/2021,76*85,97,66381,Watford,Away,2
98,Wolverhampton Wanderers,18/9/2021,-1,101,66391,Brentford,Home,0
117,Wolverhampton Wanderers,26/9/2021,63,100,66400,Southampton,Away,1
138,Wolverhampton Wanderers,2/10/2021,20*62,99,66411,Newcastle United,Home,2
143,Wolverhampton Wanderers,16/10/2021,84*89*99,101,66413,Aston Villa,Away,3
173,Wolverhampton Wanderers,23/10/2021,10,99,66428,Leeds United,Away,1
198,Wolverhampton Wanderers,1/11/2021,28*32,99,66441,Everton,Home,2
209,Wolverhampton Wanderers,6/11/2021,-1,101,66446,Crystal Palace,Away,0
238,Wolverhampton Wanderers,20/11/2021,59,97,66461,West Ham United,Home,1
259,Wolverhampton Wanderers,27/11/2021,-1,97,66471,Norwich City,Away,0
272,Wolverhampton Wanderers,1/12/2021,-1,97,66478,Burnley,Home,0
298,Wolverhampton Wanderers,4/12/2021,-1,101,66491,Liverpool,Home,0
317,Wolverhampton Wanderers,11/12/2021,-1,103,66500,Manchester City,Away,0
325,Wolverhampton Wanderers,15/12/2021,46,108,66504,Brighton and Hove Albion,Away,1
358,Wolverhampton Wanderers,19/12/2021,-1,98,66521,Chelsea,Home,0
415,Wolverhampton Wanderers,3/1/2022,84,99,66549,Manchester United,Away,1
438,Wolverhampton Wanderers,15/1/2022,37*64*96,102,66561,Southampton,Home,3
443,Wolverhampton Wanderers,22/1/2022,75*105,126,66563,Brentford,Away,2
470,Wolverhampton Wanderers,10/2/2022,-1,100,66577,Arsenal,Home,0
497,Wolverhampton Wanderers,13/2/2022,6*18,100,66590,Tottenham Hotspur,Away,2
518,Wolverhampton Wanderers,20/2/2022,9*69,98,66601,Leicester City,Home,2
381,Wolverhampton Wanderers,24/2/2022,10,101,66532,Arsenal,Away,1
539,Wolverhampton Wanderers,27/2/2022,-1,99,66611,West Ham United,Away,0
558,Wolverhampton Wanderers,5/3/2022,-1,99,66621,Crystal Palace,Home,0
378,Wolverhampton Wanderers,10/3/2022,13*18*21*87,95,66531,Watford,Home,4
571,Wolverhampton Wanderers,13/3/2022,53,99,66627,Everton,Away,1
598,Wolverhampton Wanderers,18/3/2022,26*56,112,66641,Leeds United,Home,2
618,Wolverhampton Wanderers,2/4/2022,7*36,101,66651,Aston Villa,Home,2
633,Wolverhampton Wanderers,8/4/2022,-1,100,66658,Newcastle United,Away,0
667,Wolverhampton Wanderers,24/4/2022,-1,97,66675,Burnley,Away,0
698,Wolverhampton Wanderers,30/4/2022,-1,98,66691,Brighton and Hove Albion,Home,0
709,Wolverhampton Wanderers,7/5/2022,83*101,103,66696,Chelsea,Away,2
658,Wolverhampton Wanderers,11/5/2022,11,97,66671,Manchester City,Home,1
738,Wolverhampton Wanderers,15/5/2022,57,97,66711,Norwich City,Home,1
755,Wolverhampton Wanderers,22/5/2022,3,100,66719,Liverpool,Away,1